method,split,task,groups,mean_action_critical_rmse,ci95_action_critical_rmse,mean_occluded_region_rmse,ci95_occluded_region_rmse,mean_collision_boundary_f1,ci95_collision_boundary_f1,mean_calibration_error,ci95_calibration_error,mean_probe_informativeness,ci95_probe_informativeness,mean_task_success,ci95_task_success,mean_collision_rate,ci95_collision_rate,mean_manipulation_failure_rate,ci95_manipulation_failure_rate,mean_probe_cost,ci95_probe_cost,mean_probe_damage,ci95_probe_damage,mean_planning_regret_to_oracle,ci95_planning_regret_to_oracle,mean_probe_rate,ci95_probe_rate
active_view_selection,combined_interactive_stress,leaf_occluded_fruit_grasp,7,0.03700,0.00153,0.03793,0.00065,0.77261,0.00619,0.04590,0.00311,0.00000,0.00000,0.82143,0.03277,0.04564,0.00979,0.13294,0.03457,0.00740,0.00000,0.00000,0.00000,0.22052,0.01306,0.00000,0.00000
active_view_selection,combined_interactive_stress,occluded_bin_grasping,7,0.03770,0.00085,0.03894,0.00050,0.80330,0.00911,0.04752,0.00364,0.00000,0.00000,0.99008,0.00979,0.00000,0.00000,0.00992,0.00979,0.00685,0.00000,0.00000,0.00000,0.19796,0.00677,0.00000,0.00000
active_view_selection,combined_interactive_stress,shelf_insertion_clearance,7,0.04122,0.00092,0.04483,0.00052,0.72456,0.00929,0.04418,0.00537,0.00000,0.00000,0.91667,0.01029,0.01984,0.00810,0.06349,0.01438,0.00569,0.00000,0.00000,0.00000,0.24552,0.00795,0.00000,0.00000
active_view_selection,combined_interactive_stress,transparent_container_lift,7,0.05762,0.00223,0.06011,0.00129,0.68509,0.00980,0.04906,0.00167,0.00000,0.00000,0.45238,0.05966,0.12500,0.03757,0.42262,0.05846,0.00535,0.00000,0.00000,0.00000,0.40409,0.02053,0.00000,0.00000
active_view_selection,missing_depth_shift,leaf_occluded_fruit_grasp,7,0.03883,0.00093,0.04192,0.00041,0.81400,0.00948,0.04524,0.00181,0.00000,0.00000,0.99008,0.00979,0.00397,0.00502,0.00595,0.00550,0.00624,0.00000,0.00000,0.00000,0.20168,0.00657,0.00000,0.00000
active_view_selection,missing_depth_shift,occluded_bin_grasping,7,0.03991,0.00088,0.04366,0.00031,0.83067,0.00558,0.04831,0.00175,0.00000,0.00000,0.99802,0.00389,0.00000,0.00000,0.00198,0.00389,0.00541,0.00000,0.00000,0.00000,0.20302,0.00622,0.00000,0.00000
active_view_selection,missing_depth_shift,shelf_insertion_clearance,7,0.04191,0.00198,0.04865,0.00076,0.74756,0.00938,0.04592,0.00457,0.00000,0.00000,1.00000,0.00000,0.00000,0.00000,0.00000,0.00000,0.00425,0.00000,0.00000,0.00000,0.23416,0.01213,0.00000,0.00000
active_view_selection,missing_depth_shift,transparent_container_lift,7,0.06137,0.00220,0.06516,0.00086,0.73750,0.00831,0.04692,0.00073,0.00000,0.00000,0.93849,0.03889,0.00794,0.00810,0.05357,0.03682,0.00392,0.00000,0.00000,0.00000,0.35692,0.01696,0.00000,0.00000
active_view_selection,nominal_depth,leaf_occluded_fruit_grasp,7,0.03505,0.00096,0.03803,0.00092,0.83479,0.00920,0.04572,0.00315,0.00000,0.00000,1.00000,0.00000,0.00000,0.00000,0.00000,0.00000,0.00591,0.00000,0.00000,0.00000,0.17368,0.00676,0.00000,0.00000
active_view_selection,nominal_depth,occluded_bin_grasping,7,0.03321,0.00069,0.03759,0.00069,0.86177,0.00775,0.04603,0.00328,0.00000,0.00000,1.00000,0.00000,0.00000,0.00000,0.00000,0.00000,0.00508,0.00000,0.00000,0.00000,0.15643,0.00363,0.00000,0.00000
active_view_selection,nominal_depth,shelf_insertion_clearance,7,0.03207,0.00154,0.04218,0.00081,0.80401,0.00554,0.04671,0.00310,0.00000,0.00000,1.00000,0.00000,0.00000,0.00000,0.00000,0.00000,0.00392,0.00000,0.00000,0.00000,0.16348,0.00923,0.00000,0.00000
active_view_selection,nominal_depth,transparent_container_lift,7,0.05339,0.00104,0.06007,0.00107,0.78381,0.01001,0.04575,0.00258,0.00000,0.00000,1.00000,0.00000,0.00000,0.00000,0.00000,0.00000,0.00359,0.00000,0.00000,0.00000,0.29196,0.00571,0.00000,0.00000
active_view_selection,occlusion_shift,leaf_occluded_fruit_grasp,7,0.03131,0.00119,0.03208,0.00061,0.84293,0.00767,0.04630,0.00356,0.00000,0.00000,0.99603,0.00502,0.00000,0.00000,0.00397,0.00502,0.00740,0.00000,0.00000,0.00000,0.15067,0.00808,0.00000,0.00000
active_view_selection,occlusion_shift,occluded_bin_grasping,7,0.03089,0.00108,0.03156,0.00060,0.85772,0.00765,0.04639,0.00360,0.00000,0.00000,1.00000,0.00000,0.00000,0.00000,0.00000,0.00000,0.00701,0.00000,0.00000,0.00000,0.14417,0.00702,0.00000,0.00000
active_view_selection,occlusion_shift,shelf_insertion_clearance,7,0.03092,0.00095,0.03421,0.00073,0.79517,0.01116,0.04646,0.00316,0.00000,0.00000,1.00000,0.00000,0.00000,0.00000,0.00000,0.00000,0.00585,0.00000,0.00000,0.00000,0.15920,0.00629,0.00000,0.00000
active_view_selection,occlusion_shift,transparent_container_lift,7,0.04717,0.00080,0.05037,0.00051,0.77892,0.01087,0.04673,0.00374,0.00000,0.00000,0.97619,0.01145,0.00794,0.00550,0.01587,0.01100,0.00552,0.00000,0.00000,0.00000,0.25995,0.00755,0.00000,0.00000
active_view_selection,transparent_specular_shift,leaf_occluded_fruit_grasp,7,0.04430,0.00152,0.04669,0.00071,0.79650,0.01302,0.04548,0.00340,0.00000,0.00000,0.96230,0.01145,0.00397,0.00502,0.03373,0.01004,0.00613,0.00000,0.00000,0.00000,0.24117,0.00819,0.00000,0.00000
active_view_selection,transparent_specular_shift,occluded_bin_grasping,7,0.04471,0.00165,0.04878,0.00104,0.81281,0.01032,0.04503,0.00165,0.00000,0.00000,0.99603,0.00778,0.00000,0.00000,0.00397,0.00778,0.00530,0.00000,0.00000,0.00000,0.23542,0.01030,0.00000,0.00000
active_view_selection,transparent_specular_shift,shelf_insertion_clearance,7,0.04640,0.00153,0.05305,0.00084,0.73187,0.00916,0.04575,0.00209,0.00000,0.00000,0.96230,0.01851,0.00198,0.00389,0.03571,0.01865,0.00414,0.00000,0.00000,0.00000,0.26877,0.01032,0.00000,0.00000
active_view_selection,transparent_specular_shift,transparent_container_lift,7,0.06281,0.00093,0.06616,0.00103,0.72981,0.01214,0.04776,0.00269,0.00000,0.00000,0.90476,0.01619,0.01786,0.00778,0.07738,0.01865,0.00381,0.00000,0.00000,0.00000,0.37089,0.00924,0.00000,0.00000
ensemble_depth_completion,combined_interactive_stress,leaf_occluded_fruit_grasp,7,0.06159,0.00086,0.06323,0.00053,0.62930,0.01148,0.04742,0.00146,0.00000,0.00000,0.16865,0.03585,0.21825,0.04816,0.61310,0.06012,0.00000,0.00000,0.00000,0.00000,0.47115,0.00832,0.00000,0.00000
ensemble_depth_completion,combined_interactive_stress,occluded_bin_grasping,7,0.05720,0.00067,0.05977,0.00085,0.68902,0.01103,0.04768,0.00178,0.00000,0.00000,0.81548,0.03127,0.04762,0.01665,0.13690,0.02813,0.00000,0.00000,0.00000,0.00000,0.35756,0.00699,0.00000,0.00000
ensemble_depth_completion,combined_interactive_stress,shelf_insertion_clearance,7,0.05277,0.00099,0.05713,0.00061,0.63336,0.00943,0.04709,0.00279,0.00000,0.00000,0.72024,0.02750,0.06746,0.01250,0.21230,0.01851,0.00000,0.00000,0.00000,0.00000,0.35637,0.00623,0.00000,0.00000
ensemble_depth_completion,combined_interactive_stress,transparent_container_lift,7,0.06719,0.00159,0.06739,0.00086,0.63274,0.01071,0.04817,0.00189,0.00000,0.00000,0.23016,0.03843,0.19643,0.03536,0.57341,0.03550,0.00000,0.00000,0.00000,0.00000,0.49616,0.01191,0.00000,0.00000
ensemble_depth_completion,missing_depth_shift,leaf_occluded_fruit_grasp,7,0.05794,0.00130,0.06081,0.00053,0.72748,0.00938,0.04776,0.00174,0.00000,0.00000,0.84722,0.03804,0.03968,0.01824,0.11310,0.02256,0.00000,0.00000,0.00000,0.00000,0.34891,0.01067,0.00000,0.00000
ensemble_depth_completion,missing_depth_shift,occluded_bin_grasping,7,0.05216,0.00114,0.05761,0.00066,0.77824,0.00736,0.04607,0.00194,0.00000,0.00000,1.00000,0.00000,0.00000,0.00000,0.00000,0.00000,0.00000,0.00000,0.00000,0.00000,0.28575,0.00812,0.00000,0.00000
ensemble_depth_completion,missing_depth_shift,shelf_insertion_clearance,7,0.04723,0.00113,0.05531,0.00111,0.70979,0.01319,0.04695,0.00273,0.00000,0.00000,0.98611,0.00594,0.00198,0.00389,0.01190,0.00389,0.00000,0.00000,0.00000,0.00000,0.27526,0.00790,0.00000,0.00000
ensemble_depth_completion,missing_depth_shift,transparent_container_lift,7,0.06194,0.00133,0.06442,0.00101,0.72695,0.00757,0.04785,0.00282,0.00000,0.00000,0.93254,0.01384,0.01587,0.01100,0.05159,0.01290,0.00000,0.00000,0.00000,0.00000,0.36258,0.00803,0.00000,0.00000
ensemble_depth_completion,nominal_depth,leaf_occluded_fruit_grasp,7,0.04667,0.00127,0.05194,0.00077,0.79211,0.01113,0.04423,0.00151,0.00000,0.00000,1.00000,0.00000,0.00000,0.00000,0.00000,0.00000,0.00000,0.00000,0.00000,0.00000,0.25059,0.00933,0.00000,0.00000
ensemble_depth_completion,nominal_depth,occluded_bin_grasping,7,0.04116,0.00115,0.04937,0.00060,0.82831,0.00725,0.04925,0.00279,0.00000,0.00000,1.00000,0.00000,0.00000,0.00000,0.00000,0.00000,0.00000,0.00000,0.00000,0.00000,0.20992,0.00625,0.00000,0.00000
ensemble_depth_completion,nominal_depth,shelf_insertion_clearance,7,0.03498,0.00106,0.04593,0.00051,0.80103,0.01266,0.04700,0.00248,0.00000,0.00000,1.00000,0.00000,0.00000,0.00000,0.00000,0.00000,0.00000,0.00000,0.00000,0.00000,0.18067,0.00667,0.00000,0.00000
ensemble_depth_completion,nominal_depth,transparent_container_lift,7,0.05295,0.00137,0.05804,0.00063,0.78306,0.00487,0.04779,0.00076,0.00000,0.00000,1.00000,0.00000,0.00000,0.00000,0.00000,0.00000,0.00000,0.00000,0.00000,0.00000,0.28917,0.00838,0.00000,0.00000
ensemble_depth_completion,occlusion_shift,leaf_occluded_fruit_grasp,7,0.05131,0.00132,0.05343,0.00064,0.75388,0.01465,0.04695,0.00391,0.00000,0.00000,0.92063,0.02638,0.01984,0.00810,0.05952,0.01944,0.00000,0.00000,0.00000,0.00000,0.29581,0.01290,0.00000,0.00000
ensemble_depth_completion,occlusion_shift,occluded_bin_grasping,7,0.04744,0.00130,0.05046,0.00094,0.79110,0.00800,0.04959,0.00300,0.00000,0.00000,1.00000,0.00000,0.00000,0.00000,0.00000,0.00000,0.00000,0.00000,0.00000,0.00000,0.25527,0.00823,0.00000,0.00000
ensemble_depth_completion,occlusion_shift,shelf_insertion_clearance,7,0.04120,0.00064,0.04757,0.00049,0.72073,0.01112,0.04708,0.00207,0.00000,0.00000,0.99603,0.00502,0.00000,0.00000,0.00397,0.00502,0.00000,0.00000,0.00000,0.00000,0.23650,0.00361,0.00000,0.00000
ensemble_depth_completion,occlusion_shift,transparent_container_lift,7,0.05601,0.00144,0.05947,0.00042,0.74544,0.01161,0.04814,0.00142,0.00000,0.00000,0.93651,0.02510,0.01587,0.01100,0.04762,0.01768,0.00000,0.00000,0.00000,0.00000,0.32325,0.00982,0.00000,0.00000
ensemble_depth_completion,transparent_specular_shift,leaf_occluded_fruit_grasp,7,0.05613,0.00158,0.05946,0.00058,0.74069,0.01262,0.04804,0.00144,0.00000,0.00000,0.80754,0.03536,0.05754,0.01384,0.13492,0.02638,0.00000,0.00000,0.00000,0.00000,0.33936,0.01453,0.00000,0.00000
ensemble_depth_completion,transparent_specular_shift,occluded_bin_grasping,7,0.05230,0.00105,0.05713,0.00052,0.77730,0.01238,0.04794,0.00161,0.00000,0.00000,0.99405,0.00550,0.00198,0.00389,0.00397,0.00502,0.00000,0.00000,0.00000,0.00000,0.28745,0.00523,0.00000,0.00000
ensemble_depth_completion,transparent_specular_shift,shelf_insertion_clearance,7,0.04711,0.00093,0.05366,0.00058,0.70384,0.01330,0.04738,0.00142,0.00000,0.00000,0.97817,0.01309,0.00595,0.00810,0.01587,0.01100,0.00000,0.00000,0.00000,0.00000,0.27682,0.00627,0.00000,0.00000
ensemble_depth_completion,transparent_specular_shift,transparent_container_lift,7,0.06032,0.00125,0.06298,0.00100,0.72197,0.00532,0.04875,0.00162,0.00000,0.00000,0.91071,0.01665,0.01389,0.00840,0.07540,0.01309,0.00000,0.00000,0.00000,0.00000,0.35736,0.00733,0.00000,0.00000
gaussian_splat_uncertainty,combined_interactive_stress,leaf_occluded_fruit_grasp,7,0.08290,0.00304,0.08491,0.00100,0.56179,0.01806,0.05512,0.00074,0.00000,0.00000,0.02778,0.01572,0.28571,0.03246,0.68651,0.02962,0.00000,0.00000,0.00000,0.00000,0.62490,0.02109,0.00000,0.00000
gaussian_splat_uncertainty,combined_interactive_stress,occluded_bin_grasping,7,0.07646,0.00170,0.07952,0.00111,0.62283,0.01549,0.05366,0.00281,0.00000,0.00000,0.43452,0.04474,0.17064,0.03398,0.39484,0.03507,0.00000,0.00000,0.00000,0.00000,0.52673,0.01290,0.00000,0.00000
gaussian_splat_uncertainty,combined_interactive_stress,shelf_insertion_clearance,7,0.06913,0.00215,0.07433,0.00089,0.57137,0.01453,0.05366,0.00226,0.00000,0.00000,0.34127,0.05375,0.18651,0.05208,0.47222,0.04445,0.00000,0.00000,0.00000,0.00000,0.50827,0.01886,0.00000,0.00000
gaussian_splat_uncertainty,combined_interactive_stress,transparent_container_lift,7,0.08889,0.00140,0.09014,0.00148,0.56032,0.01277,0.05395,0.00271,0.00000,0.00000,0.02778,0.00840,0.28968,0.01824,0.68254,0.01918,0.00000,0.00000,0.00000,0.00000,0.65944,0.01005,0.00000,0.00000
gaussian_splat_uncertainty,missing_depth_shift,leaf_occluded_fruit_grasp,7,0.07275,0.00180,0.07895,0.00164,0.67824,0.00916,0.05374,0.00317,0.00000,0.00000,0.56944,0.03412,0.11706,0.03135,0.31349,0.02647,0.00000,0.00000,0.00000,0.00000,0.47800,0.01136,0.00000,0.00000
gaussian_splat_uncertainty,missing_depth_shift,occluded_bin_grasping,7,0.06611,0.00145,0.07369,0.00104,0.73598,0.00816,0.05575,0.00372,0.00000,0.00000,0.98413,0.01100,0.00794,0.01167,0.00794,0.00810,0.00000,0.00000,0.00000,0.00000,0.37837,0.00753,0.00000,0.00000
gaussian_splat_uncertainty,missing_depth_shift,shelf_insertion_clearance,7,0.05999,0.00197,0.06989,0.00139,0.67019,0.00982,0.05193,0.00197,0.00000,0.00000,0.92857,0.02618,0.01389,0.01029,0.05754,0.02685,0.00000,0.00000,0.00000,0.00000,0.36552,0.01481,0.00000,0.00000
gaussian_splat_uncertainty,missing_depth_shift,transparent_container_lift,7,0.07940,0.00118,0.08444,0.00062,0.66962,0.00845,0.05414,0.00273,0.00000,0.00000,0.70635,0.04176,0.06548,0.01290,0.22817,0.03934,0.00000,0.00000,0.00000,0.00000,0.50392,0.00969,0.00000,0.00000
gaussian_splat_uncertainty,nominal_depth,leaf_occluded_fruit_grasp,7,0.06196,0.00145,0.06798,0.00137,0.74282,0.00834,0.05384,0.00315,0.00000,0.00000,0.94246,0.01619,0.01190,0.00710,0.04564,0.01420,0.00000,0.00000,0.00000,0.00000,0.35788,0.01017,0.00000,0.00000
gaussian_splat_uncertainty,nominal_depth,occluded_bin_grasping,7,0.05212,0.00229,0.06248,0.00083,0.79590,0.00870,0.05599,0.00311,0.00000,0.00000,1.00000,0.00000,0.00000,0.00000,0.00000,0.00000,0.00000,0.00000,0.00000,0.00000,0.28126,0.01300,0.00000,0.00000
gaussian_splat_uncertainty,nominal_depth,shelf_insertion_clearance,7,0.04325,0.00136,0.05883,0.00182,0.76316,0.01210,0.05541,0.00226,0.00000,0.00000,0.99405,0.00550,0.00000,0.00000,0.00595,0.00550,0.00000,0.00000,0.00000,0.00000,0.23849,0.00900,0.00000,0.00000
gaussian_splat_uncertainty,nominal_depth,transparent_container_lift,7,0.06423,0.00112,0.07328,0.00159,0.74090,0.01401,0.05316,0.00205,0.00000,0.00000,0.97024,0.01250,0.00397,0.00502,0.02579,0.01250,0.00000,0.00000,0.00000,0.00000,0.36834,0.00949,0.00000,0.00000
gaussian_splat_uncertainty,occlusion_shift,leaf_occluded_fruit_grasp,7,0.06706,0.00117,0.07067,0.00094,0.69265,0.00832,0.05539,0.00244,0.00000,0.00000,0.64087,0.03167,0.08532,0.01384,0.27381,0.04016,0.00000,0.00000,0.00000,0.00000,0.43422,0.00881,0.00000,0.00000
gaussian_splat_uncertainty,occlusion_shift,occluded_bin_grasping,7,0.06213,0.00193,0.06552,0.00093,0.73726,0.01337,0.05493,0.00271,0.00000,0.00000,0.98611,0.00840,0.00198,0.00389,0.01190,0.00710,0.00000,0.00000,0.00000,0.00000,0.35504,0.01258,0.00000,0.00000
gaussian_splat_uncertainty,occlusion_shift,shelf_insertion_clearance,7,0.05380,0.00103,0.06168,0.00086,0.68058,0.01109,0.05278,0.00326,0.00000,0.00000,0.92262,0.01665,0.01984,0.00810,0.05754,0.01619,0.00000,0.00000,0.00000,0.00000,0.32756,0.00583,0.00000,0.00000
gaussian_splat_uncertainty,occlusion_shift,transparent_container_lift,7,0.07406,0.00116,0.07842,0.00122,0.67672,0.00686,0.05621,0.00274,0.00000,0.00000,0.69841,0.05370,0.07341,0.02953,0.22817,0.05755,0.00000,0.00000,0.00000,0.00000,0.47182,0.01098,0.00000,0.00000
gaussian_splat_uncertainty,transparent_specular_shift,leaf_occluded_fruit_grasp,7,0.07745,0.00220,0.08083,0.00151,0.67525,0.01241,0.05326,0.00253,0.00000,0.00000,0.40278,0.05541,0.12103,0.02033,0.47619,0.04590,0.00000,0.00000,0.00000,0.00000,0.52730,0.01809,0.00000,0.00000
gaussian_splat_uncertainty,transparent_specular_shift,occluded_bin_grasping,7,0.06814,0.00168,0.07538,0.00086,0.72788,0.01199,0.05497,0.00338,0.00000,0.00000,0.95833,0.01680,0.00992,0.00778,0.03175,0.01420,0.00000,0.00000,0.00000,0.00000,0.39534,0.01297,0.00000,0.00000
gaussian_splat_uncertainty,transparent_specular_shift,shelf_insertion_clearance,7,0.05956,0.00092,0.06978,0.00052,0.65953,0.00714,0.05597,0.00199,0.00000,0.00000,0.88294,0.02647,0.02778,0.00840,0.08929,0.02046,0.00000,0.00000,0.00000,0.00000,0.37049,0.00767,0.00000,0.00000
gaussian_splat_uncertainty,transparent_specular_shift,transparent_container_lift,7,0.07757,0.00228,0.08205,0.00185,0.68169,0.00600,0.05278,0.00271,0.00000,0.00000,0.69444,0.04524,0.06349,0.01665,0.24206,0.04236,0.00000,0.00000,0.00000,0.00000,0.49201,0.01733,0.00000,0.00000
learned_depth_completion,combined_interactive_stress,leaf_occluded_fruit_grasp,7,0.07727,0.00100,0.08003,0.00108,0.50965,0.01416,0.05852,0.00407,0.00000,0.00000,0.02381,0.00502,0.33929,0.03703,0.63690,0.03960,0.00000,0.00000,0.00000,0.00000,0.60237,0.00901,0.00000,0.00000
learned_depth_completion,combined_interactive_stress,occluded_bin_grasping,7,0.07276,0.00258,0.07540,0.00193,0.59004,0.00632,0.05961,0.00841,0.00000,0.00000,0.40079,0.03536,0.20635,0.03277,0.39286,0.05658,0.00000,0.00000,0.00000,0.00000,0.51583,0.01905,0.00000,0.00000
learned_depth_completion,combined_interactive_stress,shelf_insertion_clearance,7,0.06589,0.00218,0.07046,0.00147,0.55587,0.01511,0.05907,0.00439,0.00000,0.00000,0.36111,0.04365,0.19841,0.02570,0.44048,0.03012,0.00000,0.00000,0.00000,0.00000,0.48963,0.01525,0.00000,0.00000
learned_depth_completion,combined_interactive_stress,transparent_container_lift,7,0.08460,0.00122,0.08662,0.00133,0.51315,0.01731,0.05707,0.00270,0.00000,0.00000,0.02579,0.01100,0.30357,0.03223,0.67063,0.03837,0.00000,0.00000,0.00000,0.00000,0.64534,0.01082,0.00000,0.00000
learned_depth_completion,missing_depth_shift,leaf_occluded_fruit_grasp,7,0.06814,0.00164,0.07326,0.00078,0.65128,0.00870,0.05714,0.00398,0.00000,0.00000,0.57937,0.03648,0.11310,0.03435,0.30754,0.03634,0.00000,0.00000,0.00000,0.00000,0.45678,0.01347,0.00000,0.00000
learned_depth_completion,missing_depth_shift,occluded_bin_grasping,7,0.06192,0.00202,0.06802,0.00068,0.71548,0.00652,0.05608,0.00368,0.00000,0.00000,0.98413,0.00710,0.00198,0.00389,0.01389,0.00840,0.00000,0.00000,0.00000,0.00000,0.35934,0.01169,0.00000,0.00000
learned_depth_completion,missing_depth_shift,shelf_insertion_clearance,7,0.05558,0.00120,0.06490,0.00079,0.64738,0.01134,0.06261,0.00547,0.00000,0.00000,0.90079,0.01384,0.02778,0.01572,0.07143,0.01918,0.00000,0.00000,0.00000,0.00000,0.34815,0.00830,0.00000,0.00000
learned_depth_completion,missing_depth_shift,transparent_container_lift,7,0.07435,0.00241,0.07869,0.00174,0.65221,0.01519,0.05682,0.00279,0.00000,0.00000,0.72222,0.05444,0.06349,0.02439,0.21429,0.04710,0.00000,0.00000,0.00000,0.00000,0.47684,0.01992,0.00000,0.00000
learned_depth_completion,nominal_depth,leaf_occluded_fruit_grasp,7,0.05551,0.00220,0.06277,0.00059,0.73581,0.00639,0.05642,0.00507,0.00000,0.00000,0.94246,0.02094,0.01984,0.01309,0.03770,0.01851,0.00000,0.00000,0.00000,0.00000,0.32167,0.01414,0.00000,0.00000
learned_depth_completion,nominal_depth,occluded_bin_grasping,7,0.04735,0.00113,0.05748,0.00064,0.78577,0.01016,0.05629,0.00345,0.00000,0.00000,0.99802,0.00389,0.00000,0.00000,0.00198,0.00389,0.00000,0.00000,0.00000,0.00000,0.25627,0.00756,0.00000,0.00000
learned_depth_completion,nominal_depth,shelf_insertion_clearance,7,0.04019,0.00187,0.05546,0.00111,0.75072,0.00651,0.06001,0.00238,0.00000,0.00000,1.00000,0.00000,0.00000,0.00000,0.00000,0.00000,0.00000,0.00000,0.00000,0.00000,0.22301,0.01132,0.00000,0.00000
learned_depth_completion,nominal_depth,transparent_container_lift,7,0.06205,0.00224,0.06915,0.00110,0.72574,0.00605,0.05642,0.00494,0.00000,0.00000,0.95833,0.01572,0.00397,0.00778,0.03770,0.01290,0.00000,0.00000,0.00000,0.00000,0.36086,0.01541,0.00000,0.00000
learned_depth_completion,occlusion_shift,leaf_occluded_fruit_grasp,7,0.06487,0.00166,0.06636,0.00096,0.67180,0.01430,0.05517,0.00455,0.00000,0.00000,0.60714,0.06222,0.12698,0.03730,0.26587,0.03682,0.00000,0.00000,0.00000,0.00000,0.42847,0.01706,0.00000,0.00000
learned_depth_completion,occlusion_shift,occluded_bin_grasping,7,0.05735,0.00164,0.06151,0.00083,0.71927,0.00952,0.05784,0.00532,0.00000,0.00000,0.97619,0.01420,0.00595,0.00550,0.01786,0.01145,0.00000,0.00000,0.00000,0.00000,0.33272,0.00946,0.00000,0.00000
learned_depth_completion,occlusion_shift,shelf_insertion_clearance,7,0.05104,0.00201,0.05836,0.00114,0.65095,0.00993,0.05843,0.00252,0.00000,0.00000,0.89683,0.02647,0.02381,0.01420,0.07936,0.01420,0.00000,0.00000,0.00000,0.00000,0.32178,0.01258,0.00000,0.00000
learned_depth_completion,occlusion_shift,transparent_container_lift,7,0.07015,0.00245,0.07492,0.00102,0.65992,0.01035,0.05560,0.00435,0.00000,0.00000,0.61905,0.04236,0.07937,0.02200,0.30159,0.05203,0.00000,0.00000,0.00000,0.00000,0.46324,0.02006,0.00000,0.00000
learned_depth_completion,transparent_specular_shift,leaf_occluded_fruit_grasp,7,0.07280,0.00212,0.07582,0.00104,0.64858,0.01042,0.05659,0.00499,0.00000,0.00000,0.37500,0.05573,0.16071,0.02366,0.46429,0.05105,0.00000,0.00000,0.00000,0.00000,0.50820,0.01948,0.00000,0.00000
learned_depth_completion,transparent_specular_shift,occluded_bin_grasping,7,0.06395,0.00218,0.07097,0.00109,0.71278,0.00872,0.05539,0.00171,0.00000,0.00000,0.95437,0.02033,0.01587,0.00926,0.02976,0.01619,0.00000,0.00000,0.00000,0.00000,0.37485,0.01446,0.00000,0.00000
learned_depth_completion,transparent_specular_shift,shelf_insertion_clearance,7,0.05849,0.00167,0.06687,0.00115,0.62966,0.01458,0.06135,0.00347,0.00000,0.00000,0.81548,0.02200,0.05556,0.01328,0.12897,0.02570,0.00000,0.00000,0.00000,0.00000,0.37877,0.01365,0.00000,0.00000
learned_depth_completion,transparent_specular_shift,transparent_container_lift,7,0.07629,0.00234,0.07872,0.00131,0.64638,0.01223,0.05860,0.00415,0.00000,0.00000,0.58135,0.03960,0.08135,0.02875,0.33730,0.04188,0.00000,0.00000,0.00000,0.00000,0.50682,0.02026,0.00000,0.00000
oracle_depth_completion,combined_interactive_stress,leaf_occluded_fruit_grasp,7,0.00581,0.00014,0.00595,0.00009,0.92994,0.00201,0.06789,0.00305,0.15984,0.00068,1.00000,0.00000,0.00000,0.00000,0.00000,0.00000,0.00885,0.00029,0.00000,0.00000,0.00189,0.00040,0.97222,0.01188
oracle_depth_completion,combined_interactive_stress,occluded_bin_grasping,7,0.00570,0.00010,0.00595,0.00005,0.93003,0.00536,0.06698,0.00183,0.14126,0.00079,1.00000,0.00000,0.00000,0.00000,0.00000,0.00000,0.00776,0.00022,0.00000,0.00000,0.00134,0.00044,0.94246,0.02618
oracle_depth_completion,combined_interactive_stress,shelf_insertion_clearance,7,0.00557,0.00010,0.00595,0.00008,0.92778,0.00740,0.06883,0.00258,0.12350,0.00108,1.00000,0.00000,0.00000,0.00000,0.00000,0.00000,0.00812,0.00039,0.00000,0.00000,0.00168,0.00032,0.95635,0.02480
oracle_depth_completion,combined_interactive_stress,transparent_container_lift,7,0.00573,0.00011,0.00596,0.00005,0.93502,0.00454,0.06933,0.00176,0.17112,0.00083,1.00000,0.00000,0.00000,0.00000,0.00000,0.00000,0.00762,0.00026,0.00000,0.00000,0.00138,0.00054,0.95437,0.01754
oracle_depth_completion,missing_depth_shift,leaf_occluded_fruit_grasp,7,0.00552,0.00007,0.00586,0.00006,0.93722,0.00385,0.06971,0.00214,0.13344,0.00051,1.00000,0.00000,0.00000,0.00000,0.00000,0.00000,0.00744,0.00024,0.00000,0.00000,0.00066,0.00045,0.94246,0.01824
oracle_depth_completion,missing_depth_shift,occluded_bin_grasping,7,0.00547,0.00015,0.00592,0.00008,0.92966,0.00520,0.06844,0.00306,0.11085,0.00085,1.00000,0.00000,0.00000,0.00000,0.00000,0.00000,0.00655,0.00037,0.00000,0.00000,0.00114,0.00036,0.92063,0.02500
oracle_depth_completion,missing_depth_shift,shelf_insertion_clearance,7,0.00532,0.00010,0.00588,0.00013,0.93536,0.00344,0.06684,0.00215,0.09291,0.00088,1.00000,0.00000,0.00000,0.00000,0.00000,0.00000,0.00732,0.00028,0.00000,0.00000,0.00153,0.00045,0.93651,0.01957
oracle_depth_completion,missing_depth_shift,transparent_container_lift,7,0.00576,0.00012,0.00595,0.00005,0.93173,0.00346,0.06718,0.00168,0.14080,0.00069,1.00000,0.00000,0.00000,0.00000,0.00000,0.00000,0.00685,0.00034,0.00000,0.00000,0.00112,0.00028,0.95635,0.02333
oracle_depth_completion,nominal_depth,leaf_occluded_fruit_grasp,7,0.00535,0.00011,0.00585,0.00008,0.93148,0.00239,0.06815,0.00226,0.10222,0.00080,1.00000,0.00000,0.00000,0.00000,0.00000,0.00000,0.00710,0.00016,0.00000,0.00000,0.00094,0.00024,0.95833,0.01572
oracle_depth_completion,nominal_depth,occluded_bin_grasping,7,0.00510,0.00013,0.00583,0.00008,0.93902,0.00433,0.06944,0.00245,0.08111,0.00088,1.00000,0.00000,0.00000,0.00000,0.00000,0.00000,0.00607,0.00021,0.00000,0.00000,0.00052,0.00027,0.92659,0.01650
oracle_depth_completion,nominal_depth,shelf_insertion_clearance,7,0.00478,0.00010,0.00585,0.00012,0.92843,0.00517,0.06617,0.00242,0.06272,0.00088,1.00000,0.00000,0.00000,0.00000,0.00000,0.00000,0.00686,0.00024,0.00000,0.00000,0.00113,0.00044,0.92460,0.01309
oracle_depth_completion,nominal_depth,transparent_container_lift,7,0.00552,0.00013,0.00593,0.00011,0.93279,0.00219,0.06852,0.00307,0.11001,0.00119,1.00000,0.00000,0.00000,0.00000,0.00000,0.00000,0.00649,0.00026,0.00000,0.00000,0.00085,0.00026,0.95437,0.02429
oracle_depth_completion,occlusion_shift,leaf_occluded_fruit_grasp,7,0.00564,0.00011,0.00587,0.00008,0.93702,0.00330,0.06929,0.00286,0.12546,0.00071,1.00000,0.00000,0.00000,0.00000,0.00000,0.00000,0.00772,0.00024,0.00000,0.00000,0.00117,0.00022,0.96032,0.01619
oracle_depth_completion,occlusion_shift,occluded_bin_grasping,7,0.00550,0.00014,0.00592,0.00007,0.93554,0.00532,0.06634,0.00171,0.10946,0.00126,1.00000,0.00000,0.00000,0.00000,0.00000,0.00000,0.00691,0.00011,0.00000,0.00000,0.00107,0.00028,0.97619,0.01145
oracle_depth_completion,occlusion_shift,shelf_insertion_clearance,7,0.00541,0.00011,0.00588,0.00005,0.93100,0.00465,0.07004,0.00207,0.09017,0.00108,1.00000,0.00000,0.00000,0.00000,0.00000,0.00000,0.00747,0.00027,0.00000,0.00000,0.00176,0.00045,0.93849,0.01167
oracle_depth_completion,occlusion_shift,transparent_container_lift,7,0.00572,0.00019,0.00594,0.00008,0.93218,0.00503,0.06750,0.00273,0.13809,0.00053,1.00000,0.00000,0.00000,0.00000,0.00000,0.00000,0.00674,0.00023,0.00000,0.00000,0.00147,0.00055,0.94841,0.01420
oracle_depth_completion,transparent_specular_shift,leaf_occluded_fruit_grasp,7,0.00559,0.00007,0.00596,0.00004,0.93703,0.00917,0.06565,0.00174,0.14109,0.00050,1.00000,0.00000,0.00000,0.00000,0.00000,0.00000,0.00736,0.00015,0.00000,0.00000,0.00084,0.00046,0.93849,0.02366
oracle_depth_completion,transparent_specular_shift,occluded_bin_grasping,7,0.00565,0.00015,0.00599,0.00006,0.93157,0.00513,0.06559,0.00379,0.12046,0.00092,1.00000,0.00000,0.00000,0.00000,0.00000,0.00000,0.00670,0.00012,0.00000,0.00000,0.00114,0.00036,0.95238,0.01665
oracle_depth_completion,transparent_specular_shift,shelf_insertion_clearance,7,0.00544,0.00012,0.00595,0.00007,0.93417,0.00411,0.06671,0.00383,0.10170,0.00102,1.00000,0.00000,0.00000,0.00000,0.00000,0.00000,0.00736,0.00016,0.00000,0.00000,0.00139,0.00041,0.94048,0.02500
oracle_depth_completion,transparent_specular_shift,transparent_container_lift,7,0.00589,0.00008,0.00592,0.00005,0.93249,0.00367,0.06959,0.00197,0.14361,0.00077,1.00000,0.00000,0.00000,0.00000,0.00000,0.00000,0.00685,0.00035,0.00000,0.00000,0.00147,0.00041,0.95833,0.01572
proposed_action_critical_interactive_depth,combined_interactive_stress,leaf_occluded_fruit_grasp,7,0.05672,0.00093,0.06765,0.00084,0.61330,0.00937,0.05050,0.00293,0.03313,0.00017,0.23016,0.02580,0.20635,0.03682,0.56349,0.02962,0.06939,0.00136,0.22817,0.02840,0.49787,0.00502,1.00000,0.00000
proposed_action_critical_interactive_depth,combined_interactive_stress,occluded_bin_grasping,7,0.05229,0.00097,0.06358,0.00112,0.67638,0.00733,0.05186,0.00315,0.02957,0.00028,0.83135,0.03330,0.02778,0.01188,0.14087,0.03383,0.06345,0.00093,0.11508,0.01754,0.36413,0.00924,1.00000,0.00000
proposed_action_critical_interactive_depth,combined_interactive_stress,shelf_insertion_clearance,7,0.04951,0.00139,0.06051,0.00074,0.60741,0.01059,0.05310,0.00232,0.02582,0.00013,0.75198,0.04423,0.05952,0.02033,0.18849,0.04857,0.06634,0.00191,0.09722,0.02301,0.36938,0.00980,1.00000,0.00000
proposed_action_critical_interactive_depth,combined_interactive_stress,transparent_container_lift,7,0.06536,0.00157,0.07275,0.00090,0.61348,0.01434,0.05223,0.00212,0.02481,0.00016,0.24405,0.03703,0.19841,0.02200,0.55754,0.04502,0.06333,0.00208,0.17063,0.02279,0.53321,0.01182,1.00000,0.00000
proposed_action_critical_interactive_depth,missing_depth_shift,leaf_occluded_fruit_grasp,7,0.05074,0.00136,0.06423,0.00095,0.71922,0.01059,0.05336,0.00263,0.03981,0.00045,0.78968,0.03111,0.03571,0.02439,0.17460,0.03507,0.06129,0.00102,0.18849,0.03079,0.36571,0.01327,1.00000,0.00000
proposed_action_critical_interactive_depth,missing_depth_shift,occluded_bin_grasping,7,0.04746,0.00163,0.06082,0.00096,0.76788,0.00840,0.05241,0.00397,0.03616,0.00046,0.90675,0.02893,0.01786,0.01145,0.07540,0.02211,0.05336,0.00085,0.09524,0.03054,0.29938,0.01334,1.00000,0.00000
proposed_action_critical_interactive_depth,missing_depth_shift,shelf_insertion_clearance,7,0.04098,0.00120,0.05757,0.00093,0.69750,0.01254,0.05230,0.00483,0.03182,0.00028,0.91865,0.02177,0.01190,0.01100,0.06944,0.02223,0.05840,0.00148,0.07937,0.02033,0.27462,0.00935,1.00000,0.00000
proposed_action_critical_interactive_depth,missing_depth_shift,transparent_container_lift,7,0.05822,0.00145,0.06996,0.00090,0.71536,0.00671,0.05470,0.00245,0.03259,0.00020,0.89683,0.01167,0.01190,0.00389,0.09127,0.01309,0.05421,0.00137,0.08333,0.01878,0.37350,0.00435,1.00000,0.00000
proposed_action_critical_interactive_depth,nominal_depth,leaf_occluded_fruit_grasp,7,0.04126,0.00104,0.05474,0.00136,0.77449,0.01281,0.05255,0.00209,0.03577,0.00037,0.84722,0.03360,0.02183,0.01309,0.13095,0.04319,0.05637,0.00084,0.15278,0.02910,0.28233,0.01887,1.00000,0.00000
proposed_action_critical_interactive_depth,nominal_depth,occluded_bin_grasping,7,0.03582,0.00050,0.05014,0.00038,0.82689,0.00669,0.05001,0.00275,0.03228,0.00023,0.95238,0.01556,0.00000,0.00000,0.04762,0.01556,0.04889,0.00103,0.05556,0.01782,0.20359,0.00637,1.00000,0.00000
proposed_action_critical_interactive_depth,nominal_depth,shelf_insertion_clearance,7,0.02974,0.00092,0.04727,0.00072,0.79068,0.00712,0.05173,0.00384,0.02825,0.00053,0.95635,0.01918,0.00595,0.00810,0.03770,0.01650,0.05264,0.00089,0.04365,0.01918,0.17394,0.00789,1.00000,0.00000
proposed_action_critical_interactive_depth,nominal_depth,transparent_container_lift,7,0.04736,0.00130,0.06061,0.00050,0.77101,0.00717,0.05232,0.00191,0.03092,0.00040,0.91270,0.02279,0.01190,0.00710,0.07540,0.02366,0.05293,0.00102,0.08730,0.02279,0.29582,0.01294,1.00000,0.00000
proposed_action_critical_interactive_depth,occlusion_shift,leaf_occluded_fruit_grasp,7,0.04643,0.00139,0.05723,0.00091,0.74059,0.01336,0.05339,0.00327,0.03606,0.00038,0.79762,0.04929,0.03770,0.01420,0.16468,0.04805,0.06321,0.00079,0.17659,0.04434,0.33202,0.02382,1.00000,0.00000
proposed_action_critical_interactive_depth,occlusion_shift,occluded_bin_grasping,7,0.04225,0.00109,0.05295,0.00076,0.77966,0.00787,0.05332,0.00269,0.03171,0.00037,0.91667,0.02910,0.01587,0.01100,0.06746,0.02333,0.05636,0.00080,0.08333,0.02910,0.26288,0.01407,1.00000,0.00000
proposed_action_critical_interactive_depth,occlusion_shift,shelf_insertion_clearance,7,0.03604,0.00054,0.05101,0.00060,0.71119,0.00668,0.05133,0.00426,0.02785,0.00043,0.91071,0.02211,0.01190,0.01100,0.07738,0.01865,0.06257,0.00134,0.08730,0.02033,0.24598,0.00702,1.00000,0.00000
proposed_action_critical_interactive_depth,occlusion_shift,transparent_container_lift,7,0.05242,0.00095,0.06249,0.00084,0.72963,0.00832,0.05173,0.00213,0.03008,0.00033,0.86905,0.03021,0.01786,0.01754,0.11310,0.02008,0.05621,0.00119,0.10317,0.02211,0.34434,0.00897,1.00000,0.00000
proposed_action_critical_interactive_depth,transparent_specular_shift,leaf_occluded_fruit_grasp,7,0.05195,0.00122,0.06384,0.00091,0.71537,0.00840,0.05170,0.00308,0.03447,0.00029,0.71627,0.03703,0.05952,0.01539,0.22421,0.03435,0.06132,0.00197,0.20436,0.03238,0.38526,0.01566,1.00000,0.00000
proposed_action_critical_interactive_depth,transparent_specular_shift,occluded_bin_grasping,7,0.04633,0.00117,0.06026,0.00107,0.77160,0.01147,0.05465,0.00263,0.03066,0.00026,0.88492,0.04103,0.01389,0.01328,0.10119,0.03070,0.05426,0.00099,0.11508,0.04103,0.29951,0.01258,1.00000,0.00000
proposed_action_critical_interactive_depth,transparent_specular_shift,shelf_insertion_clearance,7,0.04387,0.00100,0.05863,0.00119,0.67731,0.00994,0.04891,0.00245,0.02688,0.00029,0.89286,0.01650,0.00992,0.00502,0.09722,0.01572,0.06148,0.00147,0.09127,0.01556,0.30267,0.00471,1.00000,0.00000
proposed_action_critical_interactive_depth,transparent_specular_shift,transparent_container_lift,7,0.05638,0.00075,0.06706,0.00082,0.71483,0.00828,0.05237,0.00439,0.02752,0.00023,0.87897,0.02893,0.01190,0.00710,0.10913,0.02996,0.05621,0.00087,0.10119,0.01851,0.36948,0.01110,1.00000,0.00000
raw_depth_policy,combined_interactive_stress,leaf_occluded_fruit_grasp,7,0.15549,0.00538,0.16027,0.00163,0.32618,0.02485,0.11869,0.00798,0.00000,0.00000,0.00000,0.00000,0.55754,0.04985,0.44246,0.04985,0.00000,0.00000,0.00000,0.00000,0.93686,0.00986,0.00000,0.00000
raw_depth_policy,combined_interactive_stress,occluded_bin_grasping,7,0.14252,0.00259,0.14727,0.00121,0.40481,0.01493,0.12184,0.00691,0.00000,0.00000,0.00397,0.00502,0.45437,0.03345,0.54167,0.03199,0.00000,0.00000,0.00000,0.00000,0.90336,0.00366,0.00000,0.00000
raw_depth_policy,combined_interactive_stress,shelf_insertion_clearance,7,0.12445,0.00240,0.13706,0.00248,0.39153,0.01106,0.12479,0.00367,0.00000,0.00000,0.00198,0.00389,0.45635,0.03634,0.54167,0.03360,0.00000,0.00000,0.00000,0.00000,0.84211,0.01112,0.00000,0.00000
raw_depth_policy,combined_interactive_stress,transparent_container_lift,7,0.16264,0.00309,0.16617,0.00231,0.32718,0.01903,0.11735,0.00750,0.00000,0.00000,0.00000,0.00000,0.50397,0.03292,0.49603,0.03292,0.00000,0.00000,0.00000,0.00000,0.95260,0.00789,0.00000,0.00000
raw_depth_policy,missing_depth_shift,leaf_occluded_fruit_grasp,7,0.13128,0.00353,0.14025,0.00142,0.47767,0.01542,0.12059,0.00344,0.00000,0.00000,0.01587,0.01250,0.45040,0.04557,0.53373,0.04066,0.00000,0.00000,0.00000,0.00000,0.85760,0.01258,0.00000,0.00000
raw_depth_policy,missing_depth_shift,occluded_bin_grasping,7,0.11395,0.00188,0.12640,0.00180,0.54973,0.01101,0.12429,0.00302,0.00000,0.00000,0.30952,0.03012,0.25595,0.04479,0.43452,0.04434,0.00000,0.00000,0.00000,0.00000,0.74991,0.01061,0.00000,0.00000
raw_depth_policy,missing_depth_shift,shelf_insertion_clearance,7,0.09735,0.00167,0.11627,0.00144,0.51186,0.01336,0.12491,0.00462,0.00000,0.00000,0.21032,0.01824,0.29365,0.02750,0.49603,0.02831,0.00000,0.00000,0.00000,0.00000,0.68522,0.00926,0.00000,0.00000
raw_depth_policy,missing_depth_shift,transparent_container_lift,7,0.13913,0.00365,0.14672,0.00141,0.46122,0.01646,0.12903,0.00546,0.00000,0.00000,0.02183,0.01556,0.38294,0.05504,0.59524,0.05261,0.00000,0.00000,0.00000,0.00000,0.88925,0.00976,0.00000,0.00000
raw_depth_policy,nominal_depth,leaf_occluded_fruit_grasp,7,0.10596,0.00311,0.11982,0.00195,0.56647,0.00942,0.12329,0.00516,0.00000,0.00000,0.13095,0.02130,0.29960,0.02211,0.56944,0.02058,0.00000,0.00000,0.00000,0.00000,0.73032,0.01712,0.00000,0.00000
raw_depth_policy,nominal_depth,occluded_bin_grasping,7,0.08700,0.00212,0.10815,0.00252,0.66000,0.00552,0.11994,0.00494,0.00000,0.00000,0.82738,0.04821,0.06746,0.02094,0.10516,0.03507,0.00000,0.00000,0.00000,0.00000,0.53101,0.01688,0.00000,0.00000
raw_depth_policy,nominal_depth,shelf_insertion_clearance,7,0.06979,0.00255,0.09992,0.00280,0.64649,0.01516,0.12113,0.00784,0.00000,0.00000,0.74802,0.02550,0.07738,0.01768,0.17460,0.03507,0.00000,0.00000,0.00000,0.00000,0.44672,0.01910,0.00000,0.00000
raw_depth_policy,nominal_depth,transparent_container_lift,7,0.11390,0.00451,0.12860,0.00203,0.56074,0.00966,0.12782,0.00714,0.00000,0.00000,0.21627,0.04440,0.27183,0.05662,0.51191,0.04618,0.00000,0.00000,0.00000,0.00000,0.75725,0.02183,0.00000,0.00000
raw_depth_policy,occlusion_shift,leaf_occluded_fruit_grasp,7,0.12225,0.00220,0.12762,0.00224,0.47386,0.00765,0.11922,0.00857,0.00000,0.00000,0.00595,0.00550,0.42262,0.02713,0.57143,0.02408,0.00000,0.00000,0.00000,0.00000,0.83313,0.00657,0.00000,0.00000
raw_depth_policy,occlusion_shift,occluded_bin_grasping,7,0.10804,0.00279,0.11659,0.00184,0.54856,0.01379,0.12585,0.00384,0.00000,0.00000,0.25198,0.03634,0.26190,0.05090,0.48611,0.04325,0.00000,0.00000,0.00000,0.00000,0.73201,0.01253,0.00000,0.00000
raw_depth_policy,occlusion_shift,shelf_insertion_clearance,7,0.09427,0.00209,0.11059,0.00200,0.50527,0.00911,0.12160,0.00417,0.00000,0.00000,0.16667,0.03757,0.35516,0.05568,0.47817,0.03606,0.00000,0.00000,0.00000,0.00000,0.67213,0.01307,0.00000,0.00000
raw_depth_policy,occlusion_shift,transparent_container_lift,7,0.13824,0.00299,0.14746,0.00221,0.47171,0.01421,0.12701,0.00582,0.00000,0.00000,0.00992,0.00778,0.43254,0.04301,0.55754,0.04004,0.00000,0.00000,0.00000,0.00000,0.88484,0.01034,0.00000,0.00000
raw_depth_policy,transparent_specular_shift,leaf_occluded_fruit_grasp,7,0.14214,0.00363,0.15103,0.00209,0.45012,0.00876,0.13048,0.00512,0.00000,0.00000,0.00198,0.00389,0.45437,0.03449,0.54365,0.03730,0.00000,0.00000,0.00000,0.00000,0.89443,0.01348,0.00000,0.00000
raw_depth_policy,transparent_specular_shift,occluded_bin_grasping,7,0.12476,0.00463,0.13657,0.00373,0.53104,0.00892,0.12744,0.00816,0.00000,0.00000,0.15278,0.03199,0.28968,0.03730,0.55754,0.02256,0.00000,0.00000,0.00000,0.00000,0.80793,0.01761,0.00000,0.00000
raw_depth_policy,transparent_specular_shift,shelf_insertion_clearance,7,0.10640,0.00369,0.12359,0.00220,0.48165,0.01330,0.12270,0.00577,0.00000,0.00000,0.08532,0.02936,0.33532,0.02333,0.57937,0.02768,0.00000,0.00000,0.00000,0.00000,0.74920,0.01976,0.00000,0.00000
raw_depth_policy,transparent_specular_shift,transparent_container_lift,7,0.13830,0.00113,0.14374,0.00275,0.46815,0.01241,0.12972,0.00856,0.00000,0.00000,0.01587,0.00710,0.37500,0.04899,0.60913,0.05090,0.00000,0.00000,0.00000,0.00000,0.89037,0.00818,0.00000,0.00000
uncertainty_guided_probe,combined_interactive_stress,leaf_occluded_fruit_grasp,7,0.05530,0.00168,0.06344,0.00090,0.60770,0.01473,0.05011,0.00321,0.03421,0.00005,0.15675,0.04188,0.18849,0.02290,0.65476,0.03111,0.13822,0.00144,0.32143,0.05983,0.53048,0.02034,1.00000,0.00000
uncertainty_guided_probe,combined_interactive_stress,occluded_bin_grasping,7,0.05216,0.00136,0.05931,0.00104,0.68475,0.00654,0.05074,0.00294,0.03172,0.00012,0.75000,0.02657,0.06151,0.02130,0.18849,0.03979,0.12320,0.00121,0.17262,0.02046,0.38973,0.00632,1.00000,0.00000
uncertainty_guided_probe,combined_interactive_stress,shelf_insertion_clearance,7,0.04973,0.00115,0.05695,0.00057,0.61478,0.01200,0.05454,0.00334,0.02811,0.00008,0.64881,0.04272,0.08929,0.02439,0.26190,0.04260,0.12803,0.00126,0.14683,0.02510,0.39884,0.01532,1.00000,0.00000
uncertainty_guided_probe,combined_interactive_stress,transparent_container_lift,7,0.06100,0.00171,0.06940,0.00066,0.59640,0.00974,0.04717,0.00254,0.02446,0.00003,0.21627,0.02580,0.19048,0.04742,0.59325,0.04230,0.12628,0.00240,0.18651,0.02713,0.52707,0.01238,1.00000,0.00000
uncertainty_guided_probe,missing_depth_shift,leaf_occluded_fruit_grasp,7,0.05051,0.00084,0.05990,0.00069,0.72505,0.01320,0.05041,0.00194,0.04244,0.00008,0.72222,0.05179,0.05159,0.01944,0.22619,0.04667,0.11719,0.00203,0.23810,0.04004,0.38841,0.01550,1.00000,0.00000
uncertainty_guided_probe,missing_depth_shift,occluded_bin_grasping,7,0.04613,0.00112,0.05565,0.00077,0.77539,0.00483,0.05101,0.00221,0.03927,0.00008,0.92857,0.01506,0.00794,0.00810,0.06349,0.01556,0.10275,0.00119,0.07143,0.01506,0.28829,0.01009,1.00000,0.00000
uncertainty_guided_probe,missing_depth_shift,shelf_insertion_clearance,7,0.04287,0.00130,0.05293,0.00062,0.70263,0.01415,0.04946,0.00306,0.03542,0.00006,0.91071,0.03750,0.00992,0.01145,0.07936,0.03012,0.11499,0.00195,0.08730,0.03972,0.29401,0.01499,1.00000,0.00000
uncertainty_guided_probe,missing_depth_shift,transparent_container_lift,7,0.05714,0.00127,0.06653,0.00109,0.71181,0.00876,0.05028,0.00387,0.03346,0.00004,0.83929,0.03606,0.02976,0.00710,0.13095,0.03021,0.10630,0.00126,0.13095,0.02647,0.39127,0.01878,1.00000,0.00000
uncertainty_guided_probe,nominal_depth,leaf_occluded_fruit_grasp,7,0.04205,0.00122,0.04967,0.00069,0.78629,0.01436,0.04902,0.00251,0.04174,0.00029,0.76190,0.04656,0.04564,0.00778,0.19246,0.04176,0.11114,0.00293,0.23810,0.04656,0.31910,0.01536,1.00000,0.00000
uncertainty_guided_probe,nominal_depth,occluded_bin_grasping,7,0.03659,0.00066,0.04603,0.00068,0.83004,0.00594,0.05109,0.00351,0.03723,0.00031,0.93452,0.02033,0.00198,0.00389,0.06349,0.02130,0.09413,0.00154,0.06944,0.01970,0.21796,0.00596,1.00000,0.00000
uncertainty_guided_probe,nominal_depth,shelf_insertion_clearance,7,0.03144,0.00060,0.04318,0.00076,0.79536,0.00863,0.04911,0.00275,0.03167,0.00013,0.94841,0.02118,0.00595,0.00550,0.04564,0.02279,0.10164,0.00178,0.05357,0.02094,0.19181,0.01032,1.00000,0.00000
uncertainty_guided_probe,nominal_depth,transparent_container_lift,7,0.04678,0.00141,0.05606,0.00062,0.77737,0.00938,0.05293,0.00374,0.03456,0.00012,0.89087,0.02618,0.00595,0.00550,0.10317,0.02439,0.10200,0.00189,0.10913,0.02618,0.30485,0.01462,1.00000,0.00000
uncertainty_guided_probe,occlusion_shift,leaf_occluded_fruit_grasp,7,0.04613,0.00094,0.05237,0.00080,0.74551,0.01002,0.04745,0.00109,0.04080,0.00015,0.73611,0.05179,0.05357,0.02480,0.21032,0.04176,0.12134,0.00147,0.24008,0.04995,0.35708,0.02134,1.00000,0.00000
uncertainty_guided_probe,occlusion_shift,occluded_bin_grasping,7,0.04212,0.00086,0.04842,0.00066,0.78680,0.01172,0.04949,0.00211,0.03747,0.00018,0.91071,0.02777,0.01190,0.00710,0.07738,0.02901,0.10702,0.00209,0.08730,0.02893,0.26838,0.00973,1.00000,0.00000
uncertainty_guided_probe,occlusion_shift,shelf_insertion_clearance,7,0.03799,0.00076,0.04526,0.00029,0.72716,0.01050,0.05065,0.00420,0.03267,0.00011,0.88690,0.03277,0.01984,0.01665,0.09325,0.01851,0.11973,0.00098,0.11310,0.03277,0.26860,0.01370,1.00000,0.00000
uncertainty_guided_probe,occlusion_shift,transparent_container_lift,7,0.05182,0.00094,0.05947,0.00081,0.74099,0.00920,0.05038,0.00206,0.03248,0.00009,0.79960,0.02713,0.03373,0.02046,0.16667,0.04029,0.10861,0.00203,0.16667,0.02301,0.36642,0.01372,1.00000,0.00000
uncertainty_guided_probe,transparent_specular_shift,leaf_occluded_fruit_grasp,7,0.05127,0.00134,0.05930,0.00056,0.72021,0.00521,0.05016,0.00336,0.03739,0.00008,0.66270,0.03599,0.07937,0.02033,0.25794,0.03135,0.11951,0.00146,0.25992,0.01851,0.40513,0.01310,1.00000,0.00000
uncertainty_guided_probe,transparent_specular_shift,occluded_bin_grasping,7,0.04791,0.00162,0.05604,0.00075,0.77684,0.00824,0.04884,0.00175,0.03464,0.00017,0.88690,0.01725,0.01786,0.00979,0.09524,0.01506,0.10561,0.00223,0.11310,0.01725,0.31262,0.01139,1.00000,0.00000
uncertainty_guided_probe,transparent_specular_shift,shelf_insertion_clearance,7,0.04431,0.00062,0.05317,0.00080,0.70126,0.00801,0.05186,0.00208,0.03039,0.00024,0.87698,0.02480,0.02579,0.01250,0.09722,0.01572,0.11624,0.00175,0.11310,0.02996,0.31195,0.00816,1.00000,0.00000
uncertainty_guided_probe,transparent_specular_shift,transparent_container_lift,7,0.05532,0.00080,0.06338,0.00047,0.71328,0.00743,0.05091,0.00233,0.02853,0.00005,0.84524,0.02333,0.02183,0.01167,0.13294,0.02290,0.11045,0.00134,0.12302,0.01384,0.37881,0.00483,1.00000,0.00000
visuotactile_probe,combined_interactive_stress,leaf_occluded_fruit_grasp,7,0.06155,0.00124,0.07151,0.00066,0.56036,0.01327,0.04630,0.00276,0.03499,0.00014,0.14683,0.02840,0.22222,0.03895,0.63095,0.04400,0.08653,0.00155,0.19643,0.04048,0.54361,0.01277,1.00000,0.00000
visuotactile_probe,combined_interactive_stress,occluded_bin_grasping,7,0.05927,0.00065,0.06818,0.00042,0.62679,0.01090,0.04636,0.00226,0.03237,0.00009,0.69246,0.02177,0.07143,0.02094,0.23611,0.02786,0.07750,0.00176,0.13294,0.01768,0.43759,0.00452,1.00000,0.00000
visuotactile_probe,combined_interactive_stress,shelf_insertion_clearance,7,0.05525,0.00104,0.06493,0.00111,0.59248,0.01474,0.04654,0.00378,0.02807,0.00016,0.65675,0.02429,0.08929,0.03021,0.25397,0.03398,0.08210,0.00087,0.09127,0.02647,0.41737,0.00659,1.00000,0.00000
visuotactile_probe,combined_interactive_stress,transparent_container_lift,7,0.06959,0.00172,0.07811,0.00146,0.57216,0.00760,0.04626,0.00274,0.02434,0.00007,0.15476,0.02008,0.23611,0.04029,0.60913,0.03536,0.08108,0.00163,0.10714,0.03599,0.56511,0.01175,1.00000,0.00000
visuotactile_probe,missing_depth_shift,leaf_occluded_fruit_grasp,7,0.05552,0.00103,0.06757,0.00094,0.69335,0.01182,0.04725,0.00334,0.04335,0.00022,0.79365,0.03330,0.04762,0.02647,0.15873,0.03135,0.07530,0.00227,0.14484,0.02510,0.39047,0.01024,1.00000,0.00000
visuotactile_probe,missing_depth_shift,occluded_bin_grasping,7,0.05058,0.00105,0.06364,0.00070,0.74915,0.00890,0.04559,0.00393,0.03978,0.00017,0.92063,0.02500,0.00794,0.00550,0.07143,0.02408,0.06514,0.00127,0.07937,0.02500,0.31867,0.00989,1.00000,0.00000
visuotactile_probe,missing_depth_shift,shelf_insertion_clearance,7,0.04753,0.00108,0.05961,0.00083,0.67790,0.01564,0.04656,0.00306,0.03570,0.00022,0.93056,0.01970,0.01984,0.01004,0.04960,0.01438,0.07317,0.00150,0.06746,0.01918,0.31446,0.01092,1.00000,0.00000
visuotactile_probe,missing_depth_shift,transparent_container_lift,7,0.06162,0.00184,0.07363,0.00086,0.68254,0.00989,0.04772,0.00165,0.03372,0.00008,0.89286,0.02200,0.01190,0.00710,0.09524,0.02333,0.06715,0.00123,0.08135,0.02008,0.40278,0.00835,1.00000,0.00000
visuotactile_probe,nominal_depth,leaf_occluded_fruit_grasp,7,0.04497,0.00149,0.05668,0.00068,0.76561,0.00595,0.04605,0.00355,0.04212,0.00011,0.83929,0.03979,0.01587,0.00926,0.14484,0.03797,0.06962,0.00144,0.16071,0.03979,0.31071,0.01871,1.00000,0.00000
visuotactile_probe,nominal_depth,occluded_bin_grasping,7,0.03817,0.00102,0.05175,0.00088,0.81467,0.00920,0.04673,0.00249,0.03748,0.00025,0.95635,0.02256,0.00794,0.00550,0.03571,0.02046,0.05991,0.00138,0.05556,0.02058,0.22048,0.01117,1.00000,0.00000
visuotactile_probe,nominal_depth,shelf_insertion_clearance,7,0.03384,0.00066,0.04957,0.00066,0.77392,0.01126,0.04728,0.00267,0.03214,0.00036,0.93651,0.02962,0.00397,0.00778,0.05952,0.02638,0.06405,0.00133,0.06746,0.02875,0.21105,0.00691,1.00000,0.00000
visuotactile_probe,nominal_depth,transparent_container_lift,7,0.05127,0.00245,0.06229,0.00149,0.75676,0.01337,0.04738,0.00370,0.03440,0.00016,0.90278,0.01879,0.00992,0.00778,0.08730,0.01754,0.06472,0.00152,0.09722,0.01879,0.32697,0.01762,1.00000,0.00000
visuotactile_probe,occlusion_shift,leaf_occluded_fruit_grasp,7,0.05059,0.00167,0.05956,0.00125,0.70802,0.01302,0.04573,0.00222,0.04170,0.00019,0.79762,0.02439,0.04564,0.02355,0.15675,0.02033,0.07640,0.00155,0.16667,0.01680,0.36291,0.01255,1.00000,0.00000
visuotactile_probe,occlusion_shift,occluded_bin_grasping,7,0.04711,0.00098,0.05575,0.00070,0.75725,0.00505,0.04551,0.00254,0.03776,0.00022,0.94246,0.02177,0.00794,0.00810,0.04960,0.02290,0.06865,0.00151,0.05754,0.02177,0.28940,0.00806,1.00000,0.00000
visuotactile_probe,occlusion_shift,shelf_insertion_clearance,7,0.04252,0.00161,0.05181,0.00102,0.68985,0.00876,0.04463,0.00222,0.03330,0.00021,0.93452,0.02033,0.01587,0.01384,0.04960,0.01438,0.07430,0.00122,0.05754,0.01506,0.28017,0.01435,1.00000,0.00000
visuotactile_probe,occlusion_shift,transparent_container_lift,7,0.05706,0.00209,0.06646,0.00111,0.70932,0.01231,0.04585,0.00238,0.03297,0.00019,0.87698,0.03223,0.02778,0.01572,0.09524,0.02008,0.06905,0.00115,0.08135,0.02685,0.37124,0.01266,1.00000,0.00000
visuotactile_probe,transparent_specular_shift,leaf_occluded_fruit_grasp,7,0.05736,0.00115,0.06740,0.00088,0.68416,0.01279,0.04729,0.00212,0.03797,0.00023,0.70238,0.03191,0.07738,0.01438,0.22024,0.02333,0.07559,0.00204,0.16865,0.02875,0.41869,0.00859,1.00000,0.00000
visuotactile_probe,transparent_specular_shift,occluded_bin_grasping,7,0.05324,0.00144,0.06409,0.00084,0.75248,0.00660,0.04633,0.00229,0.03477,0.00021,0.91270,0.01145,0.01984,0.00550,0.06746,0.00926,0.06687,0.00160,0.08532,0.01100,0.33513,0.01266,1.00000,0.00000
visuotactile_probe,transparent_specular_shift,shelf_insertion_clearance,7,0.04863,0.00113,0.05986,0.00070,0.65951,0.01235,0.04355,0.00309,0.03031,0.00021,0.90278,0.03412,0.02381,0.01754,0.07341,0.03183,0.07403,0.00089,0.08333,0.03029,0.33221,0.01583,1.00000,0.00000
visuotactile_probe,transparent_specular_shift,transparent_container_lift,7,0.06240,0.00145,0.07116,0.00074,0.67034,0.01627,0.04590,0.00201,0.02839,0.00009,0.83730,0.01650,0.02381,0.00979,0.13889,0.01782,0.06994,0.00186,0.08730,0.02033,0.41834,0.00637,1.00000,0.00000
