rank,uid,title,year,venue,url,problem_claimed,actual_mechanism,hidden_assumptions,variables_treated_as_fixed,failure_modes_ignored,what_it_makes_less_novel,what_it_leaves_open
1,arxiv:2507.10776v1,rt-RISeg: Real-Time Model-Free Robot Interactive Segmentation for Active Instance-Level Object Understanding,2025,arXiv,http://arxiv.org/abs/2507.10776v1,Addresses active perception for robotics or a neighboring robotics mechanism.,"Prior work usually predicts, ranks, filters, or imitates observed behavior rather than preserving unrealized branches.",The observed outcome is enough to supervise the model.,"Contact mode support, embodiment limits, and deployment perturbations.","Branch collapse, hidden-mode shift, and tail-risk planning failures.",Generic world models and generic uncertainty are crowded.,Interactive depth completion keeps action-critical alternatives explicit until a physical observation collapses them.
2,doi:10.48550/arxiv.1908.01238,Learning Guided Convolutional Network for Depth Completion,2019,arXiv (Cornell University),https://doi.org/10.48550/arxiv.1908.01238,Addresses active perception for robotics or a neighboring robotics mechanism.,"Prior work usually predicts, ranks, filters, or imitates observed behavior rather than preserving unrealized branches.",The observed outcome is enough to supervise the model.,"Contact mode support, embodiment limits, and deployment perturbations.","Branch collapse, hidden-mode shift, and tail-risk planning failures.",Generic world models and generic uncertainty are crowded.,Interactive depth completion keeps action-critical alternatives explicit until a physical observation collapses them.
3,doi:10.1002/aic.16180,"Model predictive control with active learning under model uncertainty: Why, when, and how",2018,AIChE Journal,https://doi.org/10.1002/aic.16180,Addresses active perception for robotics or a neighboring robotics mechanism.,"Prior work usually predicts, ranks, filters, or imitates observed behavior rather than preserving unrealized branches.",The observed outcome is enough to supervise the model.,"Contact mode support, embodiment limits, and deployment perturbations.","Branch collapse, hidden-mode shift, and tail-risk planning failures.",Generic world models and generic uncertainty are crowded.,Interactive depth completion keeps action-critical alternatives explicit until a physical observation collapses them.
4,arxiv:2603.12193v1,SaPaVe: Towards Active Perception and Manipulation in Vision-Language-Action Models for Robotics,2026,arXiv,http://arxiv.org/abs/2603.12193v1,Addresses active perception for robotics or a neighboring robotics mechanism.,"Prior work usually predicts, ranks, filters, or imitates observed behavior rather than preserving unrealized branches.",The observed outcome is enough to supervise the model.,"Contact mode support, embodiment limits, and deployment perturbations.","Branch collapse, hidden-mode shift, and tail-risk planning failures.",Generic world models and generic uncertainty are crowded.,Interactive depth completion keeps action-critical alternatives explicit until a physical observation collapses them.
5,arxiv:2504.01957v2,Toward Real-world BEV Perception: Depth Uncertainty Estimation via Gaussian Splatting,2025,arXiv,http://arxiv.org/abs/2504.01957v2,Addresses active perception for robotics or a neighboring robotics mechanism.,"Prior work usually predicts, ranks, filters, or imitates observed behavior rather than preserving unrealized branches.",The observed outcome is enough to supervise the model.,"Contact mode support, embodiment limits, and deployment perturbations.","Branch collapse, hidden-mode shift, and tail-risk planning failures.",Generic world models and generic uncertainty are crowded.,Interactive depth completion keeps action-critical alternatives explicit until a physical observation collapses them.
6,doi:10.1002/oca.3192,Optimal and robust control methodologies for 4DOF active suspension systems: A comparative study with uncertainty considerations,2024,Optimal Control Applications and Methods,https://doi.org/10.1002/oca.3192,Addresses active perception for robotics or a neighboring robotics mechanism.,"Prior work usually predicts, ranks, filters, or imitates observed behavior rather than preserving unrealized branches.",The observed outcome is enough to supervise the model.,"Contact mode support, embodiment limits, and deployment perturbations.","Branch collapse, hidden-mode shift, and tail-risk planning failures.",Generic world models and generic uncertainty are crowded.,Interactive depth completion keeps action-critical alternatives explicit until a physical observation collapses them.
7,doi:10.1109/cvpr52734.2025.01596,Toward Real-world BEV Perception: Depth Uncertainty Estimation via Gaussian Splatting,2025,2025 IEEE/CVF Conference on Computer Vision and Pattern Recognition (CVPR),https://doi.org/10.1109/cvpr52734.2025.01596,Addresses active perception for robotics or a neighboring robotics mechanism.,"Prior work usually predicts, ranks, filters, or imitates observed behavior rather than preserving unrealized branches.",The observed outcome is enough to supervise the model.,"Contact mode support, embodiment limits, and deployment perturbations.","Branch collapse, hidden-mode shift, and tail-risk planning failures.",Generic world models and generic uncertainty are crowded.,Interactive depth completion keeps action-critical alternatives explicit until a physical observation collapses them.
8,arxiv:2308.15684v2,Interactively Robot Action Planning with Uncertainty Analysis and Active Questioning by Large Language Model,2023,arXiv,http://arxiv.org/abs/2308.15684v2,Addresses active perception for robotics or a neighboring robotics mechanism.,"Prior work usually predicts, ranks, filters, or imitates observed behavior rather than preserving unrealized branches.",The observed outcome is enough to supervise the model.,"Contact mode support, embodiment limits, and deployment perturbations.","Branch collapse, hidden-mode shift, and tail-risk planning failures.",Generic world models and generic uncertainty are crowded.,Interactive depth completion keeps action-critical alternatives explicit until a physical observation collapses them.
9,doi:10.3390/sym18030394,PI-VLA: Adaptive Symmetry-Aware Decision-Making for Long-Horizon Vision–Language–Action Manipulation,2026,Symmetry,https://doi.org/10.3390/sym18030394,Addresses active perception for robotics or a neighboring robotics mechanism.,"Prior work usually predicts, ranks, filters, or imitates observed behavior rather than preserving unrealized branches.",The observed outcome is enough to supervise the model.,"Contact mode support, embodiment limits, and deployment perturbations.","Branch collapse, hidden-mode shift, and tail-risk planning failures.",Generic world models and generic uncertainty are crowded.,Interactive depth completion keeps action-critical alternatives explicit until a physical observation collapses them.
10,doi:10.1115/dscc2017-5097,System Identification and Optimal Control of Half-Car Active Suspension System Using a Single Noisy IMU With Position Uncertainty,2017,"Volume 2: Mechatronics; Estimation and Identification; Uncertain Systems and Robustness; Path Planning and Motion Control; Tracking Control Systems; Multi-Agent and Networked Systems; Manufacturing; Intelligent Transportation and Vehicles; Sensors and Actuators; Diagnostics and Detection; Unmanned, Ground and Surface Robotics; Motion and Vibration Control Applications",https://doi.org/10.1115/dscc2017-5097,Addresses active perception for robotics or a neighboring robotics mechanism.,"Prior work usually predicts, ranks, filters, or imitates observed behavior rather than preserving unrealized branches.",The observed outcome is enough to supervise the model.,"Contact mode support, embodiment limits, and deployment perturbations.","Branch collapse, hidden-mode shift, and tail-risk planning failures.",Generic world models and generic uncertainty are crowded.,Interactive depth completion keeps action-critical alternatives explicit until a physical observation collapses them.
11,doi:10.3389/frobt.2024.1172105,Cooperative planning for physically interacting heterogeneous robots,2024,Frontiers in Robotics and AI,https://doi.org/10.3389/frobt.2024.1172105,Addresses active perception for robotics or a neighboring robotics mechanism.,"Prior work usually predicts, ranks, filters, or imitates observed behavior rather than preserving unrealized branches.",The observed outcome is enough to supervise the model.,"Contact mode support, embodiment limits, and deployment perturbations.","Branch collapse, hidden-mode shift, and tail-risk planning failures.",Generic world models and generic uncertainty are crowded.,Interactive depth completion keeps action-critical alternatives explicit until a physical observation collapses them.
12,arxiv:2601.14492v2,UNCLE-Grasp: Uncertainty-Aware Grasping of Leaf-Occluded Strawberries,2026,arXiv,http://arxiv.org/abs/2601.14492v2,Addresses active perception for robotics or a neighboring robotics mechanism.,"Prior work usually predicts, ranks, filters, or imitates observed behavior rather than preserving unrealized branches.",The observed outcome is enough to supervise the model.,"Contact mode support, embodiment limits, and deployment perturbations.","Branch collapse, hidden-mode shift, and tail-risk planning failures.",Generic world models and generic uncertainty are crowded.,Interactive depth completion keeps action-critical alternatives explicit until a physical observation collapses them.
13,doi:10.1109/tcst.2019.2916753,Robust Model Predictive Control of Irrigation Systems With Active Uncertainty Learning and Data Analytics,2020,IEEE Transactions on Control Systems Technology,https://doi.org/10.1109/tcst.2019.2916753,Addresses active perception for robotics or a neighboring robotics mechanism.,"Prior work usually predicts, ranks, filters, or imitates observed behavior rather than preserving unrealized branches.",The observed outcome is enough to supervise the model.,"Contact mode support, embodiment limits, and deployment perturbations.","Branch collapse, hidden-mode shift, and tail-risk planning failures.",Generic world models and generic uncertainty are crowded.,Interactive depth completion keeps action-critical alternatives explicit until a physical observation collapses them.
14,doi:10.1109/jsen.2024.3488495,"TRIDENT: Efficient Triple-Task Learning of Dehazing, Depth, and Uncertainty Estimation for Underwater 3-D Robot Visual Perception",2025,IEEE Sensors Journal,https://doi.org/10.1109/jsen.2024.3488495,Addresses active perception for robotics or a neighboring robotics mechanism.,"Prior work usually predicts, ranks, filters, or imitates observed behavior rather than preserving unrealized branches.",The observed outcome is enough to supervise the model.,"Contact mode support, embodiment limits, and deployment perturbations.","Branch collapse, hidden-mode shift, and tail-risk planning failures.",Generic world models and generic uncertainty are crowded.,Interactive depth completion keeps action-critical alternatives explicit until a physical observation collapses them.
15,doi:10.1016/j.arcontrol.2017.11.001,Stochastic model predictive control with active uncertainty learning: A Survey on dual control,2018,Annual Reviews in Control,https://doi.org/10.1016/j.arcontrol.2017.11.001,Addresses active perception for robotics or a neighboring robotics mechanism.,"Prior work usually predicts, ranks, filters, or imitates observed behavior rather than preserving unrealized branches.",The observed outcome is enough to supervise the model.,"Contact mode support, embodiment limits, and deployment perturbations.","Branch collapse, hidden-mode shift, and tail-risk planning failures.",Generic world models and generic uncertainty are crowded.,Interactive depth completion keeps action-critical alternatives explicit until a physical observation collapses them.
16,doi:10.1109/icra.2019.8793610,A Real-Time Interactive Augmented Reality Depth Estimation Technique for Surgical Robotics,2019,,https://doi.org/10.1109/icra.2019.8793610,Addresses active perception for robotics or a neighboring robotics mechanism.,"Prior work usually predicts, ranks, filters, or imitates observed behavior rather than preserving unrealized branches.",The observed outcome is enough to supervise the model.,"Contact mode support, embodiment limits, and deployment perturbations.","Branch collapse, hidden-mode shift, and tail-risk planning failures.",Generic world models and generic uncertainty are crowded.,Interactive depth completion keeps action-critical alternatives explicit until a physical observation collapses them.
17,doi:10.1177/02783649231215371,Active uncertainty reduction for safe and efficient interaction planning: A shielding-aware dual control approach,2024,The International Journal of Robotics Research,https://doi.org/10.1177/02783649231215371,Addresses active perception for robotics or a neighboring robotics mechanism.,"Prior work usually predicts, ranks, filters, or imitates observed behavior rather than preserving unrealized branches.",The observed outcome is enough to supervise the model.,"Contact mode support, embodiment limits, and deployment perturbations.","Branch collapse, hidden-mode shift, and tail-risk planning failures.",Generic world models and generic uncertainty are crowded.,Interactive depth completion keeps action-critical alternatives explicit until a physical observation collapses them.
18,doi:10.1080/01691864.2015.1028999,Building object models through interactive perception and foveated vision,2015,Advanced Robotics,https://doi.org/10.1080/01691864.2015.1028999,Addresses active perception for robotics or a neighboring robotics mechanism.,"Prior work usually predicts, ranks, filters, or imitates observed behavior rather than preserving unrealized branches.",The observed outcome is enough to supervise the model.,"Contact mode support, embodiment limits, and deployment perturbations.","Branch collapse, hidden-mode shift, and tail-risk planning failures.",Generic world models and generic uncertainty are crowded.,Interactive depth completion keeps action-critical alternatives explicit until a physical observation collapses them.
19,doi:10.1126/scirobotics.adp0751,Development of compositionality through interactive learning of language and action of robots,2025,Science Robotics,https://doi.org/10.1126/scirobotics.adp0751,Addresses active perception for robotics or a neighboring robotics mechanism.,"Prior work usually predicts, ranks, filters, or imitates observed behavior rather than preserving unrealized branches.",The observed outcome is enough to supervise the model.,"Contact mode support, embodiment limits, and deployment perturbations.","Branch collapse, hidden-mode shift, and tail-risk planning failures.",Generic world models and generic uncertainty are crowded.,Interactive depth completion keeps action-critical alternatives explicit until a physical observation collapses them.
20,doi:10.3390/s20123560,Robust Parking Path Planning with Error-Adaptive Sampling under Perception Uncertainty,2020,Sensors,https://doi.org/10.3390/s20123560,Addresses active perception for robotics or a neighboring robotics mechanism.,"Prior work usually predicts, ranks, filters, or imitates observed behavior rather than preserving unrealized branches.",The observed outcome is enough to supervise the model.,"Contact mode support, embodiment limits, and deployment perturbations.","Branch collapse, hidden-mode shift, and tail-risk planning failures.",Generic world models and generic uncertainty are crowded.,Interactive depth completion keeps action-critical alternatives explicit until a physical observation collapses them.
21,arxiv:2602.01939v3,"Towards Exploratory and Focused Manipulation with Bimanual Active Perception: A New Problem, Benchmark and Strategy",2026,arXiv,http://arxiv.org/abs/2602.01939v3,Addresses active perception for robotics or a neighboring robotics mechanism.,"Prior work usually predicts, ranks, filters, or imitates observed behavior rather than preserving unrealized branches.",The observed outcome is enough to supervise the model.,"Contact mode support, embodiment limits, and deployment perturbations.","Branch collapse, hidden-mode shift, and tail-risk planning failures.",Generic world models and generic uncertainty are crowded.,Interactive depth completion keeps action-critical alternatives explicit until a physical observation collapses them.
22,doi:10.1016/j.visres.2010.09.001,Teach to reach: The effects of active vs. passive reaching experiences on action and perception,2010,Vision Research,https://doi.org/10.1016/j.visres.2010.09.001,Addresses active perception for robotics or a neighboring robotics mechanism.,"Prior work usually predicts, ranks, filters, or imitates observed behavior rather than preserving unrealized branches.",The observed outcome is enough to supervise the model.,"Contact mode support, embodiment limits, and deployment perturbations.","Branch collapse, hidden-mode shift, and tail-risk planning failures.",Generic world models and generic uncertainty are crowded.,Interactive depth completion keeps action-critical alternatives explicit until a physical observation collapses them.
23,doi:10.1115/detc99/movic-8434,Adaptive Motion and Force Control of Robots Performing a Complete Task,1999,Volume 6: International Symposium on Motion and Vibration Control,https://doi.org/10.1115/detc99/movic-8434,Addresses active perception for robotics or a neighboring robotics mechanism.,"Prior work usually predicts, ranks, filters, or imitates observed behavior rather than preserving unrealized branches.",The observed outcome is enough to supervise the model.,"Contact mode support, embodiment limits, and deployment perturbations.","Branch collapse, hidden-mode shift, and tail-risk planning failures.",Generic world models and generic uncertainty are crowded.,Interactive depth completion keeps action-critical alternatives explicit until a physical observation collapses them.
24,doi:10.3390/act15060280,ADDFNet: A Robotic Grasping Depth Map Completion Network Integrating Differential Enhancement Convolution and Hybrid Attention,2026,Actuators,https://doi.org/10.3390/act15060280,Addresses active perception for robotics or a neighboring robotics mechanism.,"Prior work usually predicts, ranks, filters, or imitates observed behavior rather than preserving unrealized branches.",The observed outcome is enough to supervise the model.,"Contact mode support, embodiment limits, and deployment perturbations.","Branch collapse, hidden-mode shift, and tail-risk planning failures.",Generic world models and generic uncertainty are crowded.,Interactive depth completion keeps action-critical alternatives explicit until a physical observation collapses them.
25,doi:10.1049/csy2.70051,SCU‐T‐MPC: Risk‐Aware and Socially Compliant Topological Motion Planning Under Uncertainty,2026,IET Cyber-Systems and Robotics,https://doi.org/10.1049/csy2.70051,Addresses active perception for robotics or a neighboring robotics mechanism.,"Prior work usually predicts, ranks, filters, or imitates observed behavior rather than preserving unrealized branches.",The observed outcome is enough to supervise the model.,"Contact mode support, embodiment limits, and deployment perturbations.","Branch collapse, hidden-mode shift, and tail-risk planning failures.",Generic world models and generic uncertainty are crowded.,Interactive depth completion keeps action-critical alternatives explicit until a physical observation collapses them.
26,arxiv:2309.16778v1,Coupled Active Perception and Manipulation Planning for a Mobile Manipulator in Precision Agriculture Applications,2023,arXiv,http://arxiv.org/abs/2309.16778v1,Addresses active perception for robotics or a neighboring robotics mechanism.,"Prior work usually predicts, ranks, filters, or imitates observed behavior rather than preserving unrealized branches.",The observed outcome is enough to supervise the model.,"Contact mode support, embodiment limits, and deployment perturbations.","Branch collapse, hidden-mode shift, and tail-risk planning failures.",Generic world models and generic uncertainty are crowded.,Interactive depth completion keeps action-critical alternatives explicit until a physical observation collapses them.
27,doi:10.1108/aa-07-2022-0171,The welding tracking technology of an underwater welding robot based on sliding mode active disturbance rejection control,2022,Assembly Automation,https://doi.org/10.1108/aa-07-2022-0171,Addresses active perception for robotics or a neighboring robotics mechanism.,"Prior work usually predicts, ranks, filters, or imitates observed behavior rather than preserving unrealized branches.",The observed outcome is enough to supervise the model.,"Contact mode support, embodiment limits, and deployment perturbations.","Branch collapse, hidden-mode shift, and tail-risk planning failures.",Generic world models and generic uncertainty are crowded.,Interactive depth completion keeps action-critical alternatives explicit until a physical observation collapses them.
28,doi:10.1109/mrs60187.2023.10416783,Where Am I Now? Dynamically Finding Optimal Sensor States to Minimize Localization Uncertainty for a Perception-Denied Rover,2023,2023 International Symposium on Multi-Robot and Multi-Agent Systems (MRS),https://doi.org/10.1109/mrs60187.2023.10416783,Addresses active perception for robotics or a neighboring robotics mechanism.,"Prior work usually predicts, ranks, filters, or imitates observed behavior rather than preserving unrealized branches.",The observed outcome is enough to supervise the model.,"Contact mode support, embodiment limits, and deployment perturbations.","Branch collapse, hidden-mode shift, and tail-risk planning failures.",Generic world models and generic uncertainty are crowded.,Interactive depth completion keeps action-critical alternatives explicit until a physical observation collapses them.
29,doi:10.3390/s25196163,VLA-MP: A Vision-Language-Action Framework for Multimodal Perception and Physics-Constrained Action Generation in Autonomous Driving,2025,Sensors,https://doi.org/10.3390/s25196163,Addresses active perception for robotics or a neighboring robotics mechanism.,"Prior work usually predicts, ranks, filters, or imitates observed behavior rather than preserving unrealized branches.",The observed outcome is enough to supervise the model.,"Contact mode support, embodiment limits, and deployment perturbations.","Branch collapse, hidden-mode shift, and tail-risk planning failures.",Generic world models and generic uncertainty are crowded.,Interactive depth completion keeps action-critical alternatives explicit until a physical observation collapses them.
30,doi:10.1109/icorr66766.2025.11063053,Egocentric Perception of Walking Environments Using an Interactive Vision-Language System,2025,2025 International Conference On Rehabilitation Robotics (ICORR),https://doi.org/10.1109/icorr66766.2025.11063053,Addresses active perception for robotics or a neighboring robotics mechanism.,"Prior work usually predicts, ranks, filters, or imitates observed behavior rather than preserving unrealized branches.",The observed outcome is enough to supervise the model.,"Contact mode support, embodiment limits, and deployment perturbations.","Branch collapse, hidden-mode shift, and tail-risk planning failures.",Generic world models and generic uncertainty are crowded.,Interactive depth completion keeps action-critical alternatives explicit until a physical observation collapses them.
31,doi:10.1109/rcar65431.2025.11139480,RoboFlamingo-Plus: Fusion of Depth and RGB Perception with Vision-Language Models for Enhanced Robotic Manipulation,2025,2025 IEEE International Conference on Real-time Computing and Robotics (RCAR),https://doi.org/10.1109/rcar65431.2025.11139480,Addresses active perception for robotics or a neighboring robotics mechanism.,"Prior work usually predicts, ranks, filters, or imitates observed behavior rather than preserving unrealized branches.",The observed outcome is enough to supervise the model.,"Contact mode support, embodiment limits, and deployment perturbations.","Branch collapse, hidden-mode shift, and tail-risk planning failures.",Generic world models and generic uncertainty are crowded.,Interactive depth completion keeps action-critical alternatives explicit until a physical observation collapses them.
32,doi:10.1109/lra.2022.3150045,Active Visuo-Tactile Interactive Robotic Perception for Accurate Object Pose Estimation in Dense Clutter,2022,arXiv,http://arxiv.org/abs/2202.02207v1,Addresses active perception for robotics or a neighboring robotics mechanism.,"Prior work usually predicts, ranks, filters, or imitates observed behavior rather than preserving unrealized branches.",The observed outcome is enough to supervise the model.,"Contact mode support, embodiment limits, and deployment perturbations.","Branch collapse, hidden-mode shift, and tail-risk planning failures.",Generic world models and generic uncertainty are crowded.,Interactive depth completion keeps action-critical alternatives explicit until a physical observation collapses them.
33,doi:10.1007/s11432-024-4550-8,Uncertainty-aware large language model response length perception,2025,Science China Information Sciences,https://doi.org/10.1007/s11432-024-4550-8,Addresses active perception for robotics or a neighboring robotics mechanism.,"Prior work usually predicts, ranks, filters, or imitates observed behavior rather than preserving unrealized branches.",The observed outcome is enough to supervise the model.,"Contact mode support, embodiment limits, and deployment perturbations.","Branch collapse, hidden-mode shift, and tail-risk planning failures.",Generic world models and generic uncertainty are crowded.,Interactive depth completion keeps action-critical alternatives explicit until a physical observation collapses them.
34,doi:10.1109/icra.2013.6630996,Active touch for robust perception under position uncertainty,2013,2013 IEEE International Conference on Robotics and Automation,https://doi.org/10.1109/icra.2013.6630996,Addresses active perception for robotics or a neighboring robotics mechanism.,"Prior work usually predicts, ranks, filters, or imitates observed behavior rather than preserving unrealized branches.",The observed outcome is enough to supervise the model.,"Contact mode support, embodiment limits, and deployment perturbations.","Branch collapse, hidden-mode shift, and tail-risk planning failures.",Generic world models and generic uncertainty are crowded.,Interactive depth completion keeps action-critical alternatives explicit until a physical observation collapses them.
35,doi:10.1007/s10458-014-9279-8,Decision-theoretic planning under uncertainty with information rewards for active cooperative perception,2015,Autonomous Agents and Multi-Agent Systems,https://doi.org/10.1007/s10458-014-9279-8,Addresses active perception for robotics or a neighboring robotics mechanism.,"Prior work usually predicts, ranks, filters, or imitates observed behavior rather than preserving unrealized branches.",The observed outcome is enough to supervise the model.,"Contact mode support, embodiment limits, and deployment perturbations.","Branch collapse, hidden-mode shift, and tail-risk planning failures.",Generic world models and generic uncertainty are crowded.,Interactive depth completion keeps action-critical alternatives explicit until a physical observation collapses them.
36,doi:10.1109/lra.2022.3189821,View Planning for Object Pose Estimation Using Point Clouds: An Active Robot Perception Approach,2022,IEEE Robotics and Automation Letters,https://doi.org/10.1109/lra.2022.3189821,Addresses active perception for robotics or a neighboring robotics mechanism.,"Prior work usually predicts, ranks, filters, or imitates observed behavior rather than preserving unrealized branches.",The observed outcome is enough to supervise the model.,"Contact mode support, embodiment limits, and deployment perturbations.","Branch collapse, hidden-mode shift, and tail-risk planning failures.",Generic world models and generic uncertainty are crowded.,Interactive depth completion keeps action-critical alternatives explicit until a physical observation collapses them.
37,doi:10.1007/978-3-658-45699-3_21,Utilizing sensory uncertainty detection for robot health monitoring and performing active perception adaptation,2024,Commercial Vehicle Technology 2024,https://doi.org/10.1007/978-3-658-45699-3_21,Addresses active perception for robotics or a neighboring robotics mechanism.,"Prior work usually predicts, ranks, filters, or imitates observed behavior rather than preserving unrealized branches.",The observed outcome is enough to supervise the model.,"Contact mode support, embodiment limits, and deployment perturbations.","Branch collapse, hidden-mode shift, and tail-risk planning failures.",Generic world models and generic uncertainty are crowded.,Interactive depth completion keeps action-critical alternatives explicit until a physical observation collapses them.
38,doi:10.1115/dscc2019-9062,Completing Complex Contact Tasks Using Integrated Active and Passive Compliant Control Methodologies,2019,"Volume 3, Rapid Fire Interactive Presentations: Advances in Control Systems; Advances in Robotics and Mechatronics; Automotive and Transportation Systems; Motion Planning and Trajectory Tracking; Soft Mechatronic Actuators and Sensors; Unmanned Ground and Aerial Vehicles",https://doi.org/10.1115/dscc2019-9062,Addresses active perception for robotics or a neighboring robotics mechanism.,"Prior work usually predicts, ranks, filters, or imitates observed behavior rather than preserving unrealized branches.",The observed outcome is enough to supervise the model.,"Contact mode support, embodiment limits, and deployment perturbations.","Branch collapse, hidden-mode shift, and tail-risk planning failures.",Generic world models and generic uncertainty are crowded.,Interactive depth completion keeps action-critical alternatives explicit until a physical observation collapses them.
39,doi:10.1016/j.compchemeng.2019.05.012,Model predictive control with active learning for stochastic systems with structural model uncertainty: Online model discrimination,2019,Computers & Chemical Engineering,https://doi.org/10.1016/j.compchemeng.2019.05.012,Addresses active perception for robotics or a neighboring robotics mechanism.,"Prior work usually predicts, ranks, filters, or imitates observed behavior rather than preserving unrealized branches.",The observed outcome is enough to supervise the model.,"Contact mode support, embodiment limits, and deployment perturbations.","Branch collapse, hidden-mode shift, and tail-risk planning failures.",Generic world models and generic uncertainty are crowded.,Interactive depth completion keeps action-critical alternatives explicit until a physical observation collapses them.
40,doi:10.20944/preprints202601.0682.v1,PI-VLA: A Symmetry-Aware Predictive and Interactive Vision--Language--Action Framework for Robust Robotic Manipulation,,,https://doi.org/10.20944/preprints202601.0682.v1,Addresses active perception for robotics or a neighboring robotics mechanism.,"Prior work usually predicts, ranks, filters, or imitates observed behavior rather than preserving unrealized branches.",The observed outcome is enough to supervise the model.,"Contact mode support, embodiment limits, and deployment perturbations.","Branch collapse, hidden-mode shift, and tail-risk planning failures.",Generic world models and generic uncertainty are crowded.,Interactive depth completion keeps action-critical alternatives explicit until a physical observation collapses them.
41,arxiv:2202.07720v2,Active Uncertainty Reduction for Human-Robot Interaction: An Implicit Dual Control Approach,2022,arXiv,http://arxiv.org/abs/2202.07720v2,Addresses active perception for robotics or a neighboring robotics mechanism.,"Prior work usually predicts, ranks, filters, or imitates observed behavior rather than preserving unrealized branches.",The observed outcome is enough to supervise the model.,"Contact mode support, embodiment limits, and deployment perturbations.","Branch collapse, hidden-mode shift, and tail-risk planning failures.",Generic world models and generic uncertainty are crowded.,Interactive depth completion keeps action-critical alternatives explicit until a physical observation collapses them.
42,doi:10.1177/0278364918772024,Active sensing for motion planning in uncertain environments via mutual information policies,2019,The International Journal of Robotics Research,https://doi.org/10.1177/0278364918772024,Addresses active perception for robotics or a neighboring robotics mechanism.,"Prior work usually predicts, ranks, filters, or imitates observed behavior rather than preserving unrealized branches.",The observed outcome is enough to supervise the model.,"Contact mode support, embodiment limits, and deployment perturbations.","Branch collapse, hidden-mode shift, and tail-risk planning failures.",Generic world models and generic uncertainty are crowded.,Interactive depth completion keeps action-critical alternatives explicit until a physical observation collapses them.
43,doi:10.1109/jas.2022.105674,Multi-Joint Active Collision Avoidance for Robot Based on Depth Visual Perception,2022,IEEE/CAA Journal of Automatica Sinica,https://doi.org/10.1109/jas.2022.105674,Addresses active perception for robotics or a neighboring robotics mechanism.,"Prior work usually predicts, ranks, filters, or imitates observed behavior rather than preserving unrealized branches.",The observed outcome is enough to supervise the model.,"Contact mode support, embodiment limits, and deployment perturbations.","Branch collapse, hidden-mode shift, and tail-risk planning failures.",Generic world models and generic uncertainty are crowded.,Interactive depth completion keeps action-critical alternatives explicit until a physical observation collapses them.
44,doi:10.1109/icra55743.2025.11127651,Uncertainty-Guided Enhancement on Driving Perception System Via Foundation Models,2025,2025 IEEE International Conference on Robotics and Automation (ICRA),https://doi.org/10.1109/icra55743.2025.11127651,Addresses active perception for robotics or a neighboring robotics mechanism.,"Prior work usually predicts, ranks, filters, or imitates observed behavior rather than preserving unrealized branches.",The observed outcome is enough to supervise the model.,"Contact mode support, embodiment limits, and deployment perturbations.","Branch collapse, hidden-mode shift, and tail-risk planning failures.",Generic world models and generic uncertainty are crowded.,Interactive depth completion keeps action-critical alternatives explicit until a physical observation collapses them.
45,doi:10.1109/access.2026.3679602,Reaction-Uncertainty-Aware Motion Planning for Interactive Driving via Conditional Multi-Modal Motion Prediction,2026,IEEE Access,https://doi.org/10.1109/access.2026.3679602,Addresses active perception for robotics or a neighboring robotics mechanism.,"Prior work usually predicts, ranks, filters, or imitates observed behavior rather than preserving unrealized branches.",The observed outcome is enough to supervise the model.,"Contact mode support, embodiment limits, and deployment perturbations.","Branch collapse, hidden-mode shift, and tail-risk planning failures.",Generic world models and generic uncertainty are crowded.,Interactive depth completion keeps action-critical alternatives explicit until a physical observation collapses them.
46,doi:10.1177/02783640022067922,Probabilistic Algorithms and the Interactive Museum Tour-Guide Robot Minerva,2000,The International Journal of Robotics Research,https://doi.org/10.1177/02783640022067922,Addresses active perception for robotics or a neighboring robotics mechanism.,"Prior work usually predicts, ranks, filters, or imitates observed behavior rather than preserving unrealized branches.",The observed outcome is enough to supervise the model.,"Contact mode support, embodiment limits, and deployment perturbations.","Branch collapse, hidden-mode shift, and tail-risk planning failures.",Generic world models and generic uncertainty are crowded.,Interactive depth completion keeps action-critical alternatives explicit until a physical observation collapses them.
47,arxiv:2604.17969v2,E3VS-Bench: A Benchmark for Viewpoint-Dependent Active Perception in 3D Gaussian Splatting Scenes,2026,arXiv,http://arxiv.org/abs/2604.17969v2,Addresses active perception for robotics or a neighboring robotics mechanism.,"Prior work usually predicts, ranks, filters, or imitates observed behavior rather than preserving unrealized branches.",The observed outcome is enough to supervise the model.,"Contact mode support, embodiment limits, and deployment perturbations.","Branch collapse, hidden-mode shift, and tail-risk planning failures.",Generic world models and generic uncertainty are crowded.,Interactive depth completion keeps action-critical alternatives explicit until a physical observation collapses them.
48,arxiv:2506.20566v1,HRIBench: Benchmarking Vision-Language Models for Real-Time Human Perception in Human-Robot Interaction,2025,arXiv,http://arxiv.org/abs/2506.20566v1,Addresses active perception for robotics or a neighboring robotics mechanism.,"Prior work usually predicts, ranks, filters, or imitates observed behavior rather than preserving unrealized branches.",The observed outcome is enough to supervise the model.,"Contact mode support, embodiment limits, and deployment perturbations.","Branch collapse, hidden-mode shift, and tail-risk planning failures.",Generic world models and generic uncertainty are crowded.,Interactive depth completion keeps action-critical alternatives explicit until a physical observation collapses them.
49,doi:10.3389/frobt.2024.1491907,Adaptive formation learning control for cooperative AUVs under complete uncertainty,2025,Frontiers in Robotics and AI,https://doi.org/10.3389/frobt.2024.1491907,Addresses active perception for robotics or a neighboring robotics mechanism.,"Prior work usually predicts, ranks, filters, or imitates observed behavior rather than preserving unrealized branches.",The observed outcome is enough to supervise the model.,"Contact mode support, embodiment limits, and deployment perturbations.","Branch collapse, hidden-mode shift, and tail-risk planning failures.",Generic world models and generic uncertainty are crowded.,Interactive depth completion keeps action-critical alternatives explicit until a physical observation collapses them.
50,doi:10.48550/arxiv.1304.1098,Occupancy Grids: A Stochastic Spatial Representation for Active Robot Perception,2013,arXiv (Cornell University),https://doi.org/10.48550/arxiv.1304.1098,Addresses active perception for robotics or a neighboring robotics mechanism.,"Prior work usually predicts, ranks, filters, or imitates observed behavior rather than preserving unrealized branches.",The observed outcome is enough to supervise the model.,"Contact mode support, embodiment limits, and deployment perturbations.","Branch collapse, hidden-mode shift, and tail-risk planning failures.",Generic world models and generic uncertainty are crowded.,Interactive depth completion keeps action-critical alternatives explicit until a physical observation collapses them.
51,doi:10.3390/s26103140,Uncertainty-Calibrated Safety Gating for Vision–Language– Action Manipulation Under Domain Shift: Reliability Gains and Intervention–Efficiency Trade-Offs,2026,Sensors,https://doi.org/10.3390/s26103140,Addresses active perception for robotics or a neighboring robotics mechanism.,"Prior work usually predicts, ranks, filters, or imitates observed behavior rather than preserving unrealized branches.",The observed outcome is enough to supervise the model.,"Contact mode support, embodiment limits, and deployment perturbations.","Branch collapse, hidden-mode shift, and tail-risk planning failures.",Generic world models and generic uncertainty are crowded.,Interactive depth completion keeps action-critical alternatives explicit until a physical observation collapses them.
52,doi:10.1007/978-3-031-26889-2_16,Bridging Depth Estimation and Completion for Mobile Robots Reliable 3D Perception,2023,Lecture Notes in Networks and Systems Robot Intelligence Technology and Applications 7,https://doi.org/10.1007/978-3-031-26889-2_16,Addresses active perception for robotics or a neighboring robotics mechanism.,"Prior work usually predicts, ranks, filters, or imitates observed behavior rather than preserving unrealized branches.",The observed outcome is enough to supervise the model.,"Contact mode support, embodiment limits, and deployment perturbations.","Branch collapse, hidden-mode shift, and tail-risk planning failures.",Generic world models and generic uncertainty are crowded.,Interactive depth completion keeps action-critical alternatives explicit until a physical observation collapses them.
53,doi:10.3390/s20030722,A Multi-Modal Person Perception Framework for Socially Interactive Mobile Service Robots,2020,Sensors,https://doi.org/10.3390/s20030722,Addresses active perception for robotics or a neighboring robotics mechanism.,"Prior work usually predicts, ranks, filters, or imitates observed behavior rather than preserving unrealized branches.",The observed outcome is enough to supervise the model.,"Contact mode support, embodiment limits, and deployment perturbations.","Branch collapse, hidden-mode shift, and tail-risk planning failures.",Generic world models and generic uncertainty are crowded.,Interactive depth completion keeps action-critical alternatives explicit until a physical observation collapses them.
54,doi:10.3390/robotics13100143,Virtual Hand Deformation-Based Pseudo-Haptic Feedback for Enhanced Force Perception and Task Performance in Physically Constrained Teleoperation,2024,Robotics,https://doi.org/10.3390/robotics13100143,Addresses active perception for robotics or a neighboring robotics mechanism.,"Prior work usually predicts, ranks, filters, or imitates observed behavior rather than preserving unrealized branches.",The observed outcome is enough to supervise the model.,"Contact mode support, embodiment limits, and deployment perturbations.","Branch collapse, hidden-mode shift, and tail-risk planning failures.",Generic world models and generic uncertainty are crowded.,Interactive depth completion keeps action-critical alternatives explicit until a physical observation collapses them.
55,doi:10.1049/iet-cvi.2018.5020,Depth‐based end‐to‐end deep network for human action recognition,2019,IET Computer Vision,https://doi.org/10.1049/iet-cvi.2018.5020,Addresses active perception for robotics or a neighboring robotics mechanism.,"Prior work usually predicts, ranks, filters, or imitates observed behavior rather than preserving unrealized branches.",The observed outcome is enough to supervise the model.,"Contact mode support, embodiment limits, and deployment perturbations.","Branch collapse, hidden-mode shift, and tail-risk planning failures.",Generic world models and generic uncertainty are crowded.,Interactive depth completion keeps action-critical alternatives explicit until a physical observation collapses them.
56,doi:10.1038/s41598-024-76800-4,Performance of uncertainty-based active learning for efficient approximation of black-box functions in materials science,2024,Scientific Reports,https://doi.org/10.1038/s41598-024-76800-4,Addresses active perception for robotics or a neighboring robotics mechanism.,"Prior work usually predicts, ranks, filters, or imitates observed behavior rather than preserving unrealized branches.",The observed outcome is enough to supervise the model.,"Contact mode support, embodiment limits, and deployment perturbations.","Branch collapse, hidden-mode shift, and tail-risk planning failures.",Generic world models and generic uncertainty are crowded.,Interactive depth completion keeps action-critical alternatives explicit until a physical observation collapses them.
57,doi:10.63282/3050-9262.ijaidsml-v7i1p150,Vision-Based Robotic Manipulation: Grasping in Clutter with Uncertainty-Aware Perception,2026,"International Journal of Artificial Intelligence, Data Science and Machine Learning",https://doi.org/10.63282/3050-9262.ijaidsml-v7i1p150,Addresses active perception for robotics or a neighboring robotics mechanism.,"Prior work usually predicts, ranks, filters, or imitates observed behavior rather than preserving unrealized branches.",The observed outcome is enough to supervise the model.,"Contact mode support, embodiment limits, and deployment perturbations.","Branch collapse, hidden-mode shift, and tail-risk planning failures.",Generic world models and generic uncertainty are crowded.,Interactive depth completion keeps action-critical alternatives explicit until a physical observation collapses them.
58,doi:10.1109/icra.2015.7139655,Active articulation model estimation through interactive perception,2015,2015 IEEE International Conference on Robotics and Automation (ICRA),https://doi.org/10.1109/icra.2015.7139655,Addresses active perception for robotics or a neighboring robotics mechanism.,"Prior work usually predicts, ranks, filters, or imitates observed behavior rather than preserving unrealized branches.",The observed outcome is enough to supervise the model.,"Contact mode support, embodiment limits, and deployment perturbations.","Branch collapse, hidden-mode shift, and tail-risk planning failures.",Generic world models and generic uncertainty are crowded.,Interactive depth completion keeps action-critical alternatives explicit until a physical observation collapses them.
59,doi:10.3390/app10051665,Contingent Task and Motion Planning under Uncertainty for Human–Robot Interactions,2020,Applied Sciences,https://doi.org/10.3390/app10051665,Addresses active perception for robotics or a neighboring robotics mechanism.,"Prior work usually predicts, ranks, filters, or imitates observed behavior rather than preserving unrealized branches.",The observed outcome is enough to supervise the model.,"Contact mode support, embodiment limits, and deployment perturbations.","Branch collapse, hidden-mode shift, and tail-risk planning failures.",Generic world models and generic uncertainty are crowded.,Interactive depth completion keeps action-critical alternatives explicit until a physical observation collapses them.
60,doi:10.1167/9.8.419,"Two views of the world: Active vision, attention, and perception and action loops in real-world interaction",2010,Journal of Vision,https://doi.org/10.1167/9.8.419,Addresses active perception for robotics or a neighboring robotics mechanism.,"Prior work usually predicts, ranks, filters, or imitates observed behavior rather than preserving unrealized branches.",The observed outcome is enough to supervise the model.,"Contact mode support, embodiment limits, and deployment perturbations.","Branch collapse, hidden-mode shift, and tail-risk planning failures.",Generic world models and generic uncertainty are crowded.,Interactive depth completion keeps action-critical alternatives explicit until a physical observation collapses them.
61,doi:10.1126/scirobotics.add5139,Ajna: Generalized deep uncertainty for minimal perception on parsimonious robots,2023,Science Robotics,https://doi.org/10.1126/scirobotics.add5139,Addresses active perception for robotics or a neighboring robotics mechanism.,"Prior work usually predicts, ranks, filters, or imitates observed behavior rather than preserving unrealized branches.",The observed outcome is enough to supervise the model.,"Contact mode support, embodiment limits, and deployment perturbations.","Branch collapse, hidden-mode shift, and tail-risk planning failures.",Generic world models and generic uncertainty are crowded.,Interactive depth completion keeps action-critical alternatives explicit until a physical observation collapses them.
62,arxiv:2012.06410v1,Learning How to Trade-Off Safety with Agility Using Deep Covariance Estimation for Perception Driven UAV Motion Planning,2020,arXiv,http://arxiv.org/abs/2012.06410v1,Addresses active perception for robotics or a neighboring robotics mechanism.,"Prior work usually predicts, ranks, filters, or imitates observed behavior rather than preserving unrealized branches.",The observed outcome is enough to supervise the model.,"Contact mode support, embodiment limits, and deployment perturbations.","Branch collapse, hidden-mode shift, and tail-risk planning failures.",Generic world models and generic uncertainty are crowded.,Interactive depth completion keeps action-critical alternatives explicit until a physical observation collapses them.
63,doi:10.1049/iet-csr.2020.0040,Neural network‐based semantic segmentation model for robot perception of driverless vision,2020,IET Cyber-Systems and Robotics,https://doi.org/10.1049/iet-csr.2020.0040,Addresses active perception for robotics or a neighboring robotics mechanism.,"Prior work usually predicts, ranks, filters, or imitates observed behavior rather than preserving unrealized branches.",The observed outcome is enough to supervise the model.,"Contact mode support, embodiment limits, and deployment perturbations.","Branch collapse, hidden-mode shift, and tail-risk planning failures.",Generic world models and generic uncertainty are crowded.,Interactive depth completion keeps action-critical alternatives explicit until a physical observation collapses them.
64,doi:10.1038/s41598-025-98917-w,Multi-task feature integration and interactive active learning for scene image resizing,2025,Scientific Reports,https://doi.org/10.1038/s41598-025-98917-w,Addresses active perception for robotics or a neighboring robotics mechanism.,"Prior work usually predicts, ranks, filters, or imitates observed behavior rather than preserving unrealized branches.",The observed outcome is enough to supervise the model.,"Contact mode support, embodiment limits, and deployment perturbations.","Branch collapse, hidden-mode shift, and tail-risk planning failures.",Generic world models and generic uncertainty are crowded.,Interactive depth completion keeps action-critical alternatives explicit until a physical observation collapses them.
65,doi:10.1609/aaai.v40i10.37803,SplatSSC: Decoupled Depth-Guided Gaussian Splatting for Semantic Scene Completion,2026,Proceedings of the AAAI Conference on Artificial Intelligence,https://doi.org/10.1609/aaai.v40i10.37803,Addresses active perception for robotics or a neighboring robotics mechanism.,"Prior work usually predicts, ranks, filters, or imitates observed behavior rather than preserving unrealized branches.",The observed outcome is enough to supervise the model.,"Contact mode support, embodiment limits, and deployment perturbations.","Branch collapse, hidden-mode shift, and tail-risk planning failures.",Generic world models and generic uncertainty are crowded.,Interactive depth completion keeps action-critical alternatives explicit until a physical observation collapses them.
66,doi:10.3390/s26113541,Sensing the Action: Rethinking Sensor Modalities and Multi-Modal Fusion in Vision–Language–Action Models for Robotic Manipulation,2026,Sensors,https://doi.org/10.3390/s26113541,Addresses active perception for robotics or a neighboring robotics mechanism.,"Prior work usually predicts, ranks, filters, or imitates observed behavior rather than preserving unrealized branches.",The observed outcome is enough to supervise the model.,"Contact mode support, embodiment limits, and deployment perturbations.","Branch collapse, hidden-mode shift, and tail-risk planning failures.",Generic world models and generic uncertainty are crowded.,Interactive depth completion keeps action-critical alternatives explicit until a physical observation collapses them.
67,arxiv:2107.09822v3,Bayesian Controller Fusion: Leveraging Control Priors in Deep Reinforcement Learning for Robotics,2021,arXiv,http://arxiv.org/abs/2107.09822v3,Addresses active perception for robotics or a neighboring robotics mechanism.,"Prior work usually predicts, ranks, filters, or imitates observed behavior rather than preserving unrealized branches.",The observed outcome is enough to supervise the model.,"Contact mode support, embodiment limits, and deployment perturbations.","Branch collapse, hidden-mode shift, and tail-risk planning failures.",Generic world models and generic uncertainty are crowded.,Interactive depth completion keeps action-critical alternatives explicit until a physical observation collapses them.
68,doi:10.3390/rs18020282,UGFF-VLM: Uncertainty-Guided and Frequency-Fused Vision-Language Model for Remote Sensing Farmland Segmentation,2026,Remote Sensing,https://doi.org/10.3390/rs18020282,Addresses active perception for robotics or a neighboring robotics mechanism.,"Prior work usually predicts, ranks, filters, or imitates observed behavior rather than preserving unrealized branches.",The observed outcome is enough to supervise the model.,"Contact mode support, embodiment limits, and deployment perturbations.","Branch collapse, hidden-mode shift, and tail-risk planning failures.",Generic world models and generic uncertainty are crowded.,Interactive depth completion keeps action-critical alternatives explicit until a physical observation collapses them.
69,doi:10.3390/s25103002,Optimal Viewpoint Assistance for Cooperative Manipulation Using D-Optimality,2025,Sensors,https://doi.org/10.3390/s25103002,Addresses active perception for robotics or a neighboring robotics mechanism.,"Prior work usually predicts, ranks, filters, or imitates observed behavior rather than preserving unrealized branches.",The observed outcome is enough to supervise the model.,"Contact mode support, embodiment limits, and deployment perturbations.","Branch collapse, hidden-mode shift, and tail-risk planning failures.",Generic world models and generic uncertainty are crowded.,Interactive depth completion keeps action-critical alternatives explicit until a physical observation collapses them.
70,doi:10.1016/0921-8890(96)00008-5,Interactive task planning under uncertainty and goal changes,1996,Robotics and Autonomous Systems,https://doi.org/10.1016/0921-8890(96)00008-5,Addresses active perception for robotics or a neighboring robotics mechanism.,"Prior work usually predicts, ranks, filters, or imitates observed behavior rather than preserving unrealized branches.",The observed outcome is enough to supervise the model.,"Contact mode support, embodiment limits, and deployment perturbations.","Branch collapse, hidden-mode shift, and tail-risk planning failures.",Generic world models and generic uncertainty are crowded.,Interactive depth completion keeps action-critical alternatives explicit until a physical observation collapses them.
71,doi:10.1109/humanoids.2012.6651556,Ground-truth uncertainty model of visual depth perception for humanoid robots,2012,2012 12th IEEE-RAS International Conference on Humanoid Robots (Humanoids 2012),https://doi.org/10.1109/humanoids.2012.6651556,Addresses active perception for robotics or a neighboring robotics mechanism.,"Prior work usually predicts, ranks, filters, or imitates observed behavior rather than preserving unrealized branches.",The observed outcome is enough to supervise the model.,"Contact mode support, embodiment limits, and deployment perturbations.","Branch collapse, hidden-mode shift, and tail-risk planning failures.",Generic world models and generic uncertainty are crowded.,Interactive depth completion keeps action-critical alternatives explicit until a physical observation collapses them.
72,doi:10.3390/s24061919,Enhancing View Synthesis with Depth-Guided Neural Radiance Fields and Improved Depth Completion,2024,Sensors,https://doi.org/10.3390/s24061919,Addresses active perception for robotics or a neighboring robotics mechanism.,"Prior work usually predicts, ranks, filters, or imitates observed behavior rather than preserving unrealized branches.",The observed outcome is enough to supervise the model.,"Contact mode support, embodiment limits, and deployment perturbations.","Branch collapse, hidden-mode shift, and tail-risk planning failures.",Generic world models and generic uncertainty are crowded.,Interactive depth completion keeps action-critical alternatives explicit until a physical observation collapses them.
73,arxiv:2604.16677v1,ReconVLA: An Uncertainty-Guided and Failure-Aware Vision-Language-Action Framework for Robotic Control,2026,arXiv,http://arxiv.org/abs/2604.16677v1,Addresses active perception for robotics or a neighboring robotics mechanism.,"Prior work usually predicts, ranks, filters, or imitates observed behavior rather than preserving unrealized branches.",The observed outcome is enough to supervise the model.,"Contact mode support, embodiment limits, and deployment perturbations.","Branch collapse, hidden-mode shift, and tail-risk planning failures.",Generic world models and generic uncertainty are crowded.,Interactive depth completion keeps action-critical alternatives explicit until a physical observation collapses them.
74,doi:10.1109/lra.2021.3068706,Probabilistic Multi-View Fusion of Active Stereo Depth Maps for Robotic Bin-Picking,2021,IEEE Robotics and Automation Letters,https://doi.org/10.1109/lra.2021.3068706,Addresses active perception for robotics or a neighboring robotics mechanism.,"Prior work usually predicts, ranks, filters, or imitates observed behavior rather than preserving unrealized branches.",The observed outcome is enough to supervise the model.,"Contact mode support, embodiment limits, and deployment perturbations.","Branch collapse, hidden-mode shift, and tail-risk planning failures.",Generic world models and generic uncertainty are crowded.,Interactive depth completion keeps action-critical alternatives explicit until a physical observation collapses them.
75,doi:10.1109/tmech.2022.3215909,A Novel Visible-Depth-Thermal Image Dataset of Salient Object Detection for Robotic Visual Perception,2022,IEEE/ASME Transactions on Mechatronics,https://doi.org/10.1109/tmech.2022.3215909,Addresses active perception for robotics or a neighboring robotics mechanism.,"Prior work usually predicts, ranks, filters, or imitates observed behavior rather than preserving unrealized branches.",The observed outcome is enough to supervise the model.,"Contact mode support, embodiment limits, and deployment perturbations.","Branch collapse, hidden-mode shift, and tail-risk planning failures.",Generic world models and generic uncertainty are crowded.,Interactive depth completion keeps action-critical alternatives explicit until a physical observation collapses them.
76,doi:10.3982/ecta18009,Model and Predictive Uncertainty: A Foundation for Smooth Ambiguity Preferences,2022,Econometrica,https://doi.org/10.3982/ecta18009,Addresses active perception for robotics or a neighboring robotics mechanism.,"Prior work usually predicts, ranks, filters, or imitates observed behavior rather than preserving unrealized branches.",The observed outcome is enough to supervise the model.,"Contact mode support, embodiment limits, and deployment perturbations.","Branch collapse, hidden-mode shift, and tail-risk planning failures.",Generic world models and generic uncertainty are crowded.,Interactive depth completion keeps action-critical alternatives explicit until a physical observation collapses them.
77,doi:10.3390/s23249700,Visual Sensing and Depth Perception for Welding Robots and Their Industrial Applications,2023,Sensors,https://doi.org/10.3390/s23249700,Addresses active perception for robotics or a neighboring robotics mechanism.,"Prior work usually predicts, ranks, filters, or imitates observed behavior rather than preserving unrealized branches.",The observed outcome is enough to supervise the model.,"Contact mode support, embodiment limits, and deployment perturbations.","Branch collapse, hidden-mode shift, and tail-risk planning failures.",Generic world models and generic uncertainty are crowded.,Interactive depth completion keeps action-critical alternatives explicit until a physical observation collapses them.
78,doi:10.1167/8.6.857,"Depth interval perception: Comparing binocular stereopsis with motion parallax in ""action space""",2010,Journal of Vision,https://doi.org/10.1167/8.6.857,Addresses active perception for robotics or a neighboring robotics mechanism.,"Prior work usually predicts, ranks, filters, or imitates observed behavior rather than preserving unrealized branches.",The observed outcome is enough to supervise the model.,"Contact mode support, embodiment limits, and deployment perturbations.","Branch collapse, hidden-mode shift, and tail-risk planning failures.",Generic world models and generic uncertainty are crowded.,Interactive depth completion keeps action-critical alternatives explicit until a physical observation collapses them.
79,doi:10.1109/lra.2021.3070308,Volumetric Occupancy Mapping With Probabilistic Depth Completion for Robotic Navigation,2021,IEEE Robotics and Automation Letters,https://doi.org/10.1109/lra.2021.3070308,Addresses active perception for robotics or a neighboring robotics mechanism.,"Prior work usually predicts, ranks, filters, or imitates observed behavior rather than preserving unrealized branches.",The observed outcome is enough to supervise the model.,"Contact mode support, embodiment limits, and deployment perturbations.","Branch collapse, hidden-mode shift, and tail-risk planning failures.",Generic world models and generic uncertainty are crowded.,Interactive depth completion keeps action-critical alternatives explicit until a physical observation collapses them.
80,doi:10.48550/arxiv.2112.01871,Active Inference in Robotics and Artificial Agents: Survey and Challenges,2021,arXiv (Cornell University),https://doi.org/10.48550/arxiv.2112.01871,Addresses active perception for robotics or a neighboring robotics mechanism.,"Prior work usually predicts, ranks, filters, or imitates observed behavior rather than preserving unrealized branches.",The observed outcome is enough to supervise the model.,"Contact mode support, embodiment limits, and deployment perturbations.","Branch collapse, hidden-mode shift, and tail-risk planning failures.",Generic world models and generic uncertainty are crowded.,Interactive depth completion keeps action-critical alternatives explicit until a physical observation collapses them.
81,doi:10.31763/ijrcs.v5i6.2102,Integration of Hybrid Active Disturbance Rejection with Sliding Mode Control for Robust Mechanical Ventilation,2025,International Journal of Robotics and Control Systems,https://doi.org/10.31763/ijrcs.v5i6.2102,Addresses active perception for robotics or a neighboring robotics mechanism.,"Prior work usually predicts, ranks, filters, or imitates observed behavior rather than preserving unrealized branches.",The observed outcome is enough to supervise the model.,"Contact mode support, embodiment limits, and deployment perturbations.","Branch collapse, hidden-mode shift, and tail-risk planning failures.",Generic world models and generic uncertainty are crowded.,Interactive depth completion keeps action-critical alternatives explicit until a physical observation collapses them.
82,arxiv:2605.20566v1,Conflict-Aware Active Perception and Control in 3D Gaussian Splatting Fields via Control Barrier Functions,2026,arXiv,http://arxiv.org/abs/2605.20566v1,Addresses active perception for robotics or a neighboring robotics mechanism.,"Prior work usually predicts, ranks, filters, or imitates observed behavior rather than preserving unrealized branches.",The observed outcome is enough to supervise the model.,"Contact mode support, embodiment limits, and deployment perturbations.","Branch collapse, hidden-mode shift, and tail-risk planning failures.",Generic world models and generic uncertainty are crowded.,Interactive depth completion keeps action-critical alternatives explicit until a physical observation collapses them.
83,arxiv:2603.14523v1,VLA-Thinker: Boosting Vision-Language-Action Models through Thinking-with-Image Reasoning,2026,arXiv,http://arxiv.org/abs/2603.14523v1,Addresses active perception for robotics or a neighboring robotics mechanism.,"Prior work usually predicts, ranks, filters, or imitates observed behavior rather than preserving unrealized branches.",The observed outcome is enough to supervise the model.,"Contact mode support, embodiment limits, and deployment perturbations.","Branch collapse, hidden-mode shift, and tail-risk planning failures.",Generic world models and generic uncertainty are crowded.,Interactive depth completion keeps action-critical alternatives explicit until a physical observation collapses them.
84,doi:10.3390/geotechnics2020016,Uncertainty Quantification of Failure of Shallow Foundation on Clayey Soils with a Modified Cam-Clay Yield Criterion and Stochastic FEM,2022,Geotechnics,https://doi.org/10.3390/geotechnics2020016,Addresses active perception for robotics or a neighboring robotics mechanism.,"Prior work usually predicts, ranks, filters, or imitates observed behavior rather than preserving unrealized branches.",The observed outcome is enough to supervise the model.,"Contact mode support, embodiment limits, and deployment perturbations.","Branch collapse, hidden-mode shift, and tail-risk planning failures.",Generic world models and generic uncertainty are crowded.,Interactive depth completion keeps action-critical alternatives explicit until a physical observation collapses them.
85,doi:10.1109/cdc.2018.8619665,Chance Constrained Model Predictive Control via Active Uncertainty Set Learning and Calibration,2018,2018 IEEE Conference on Decision and Control (CDC),https://doi.org/10.1109/cdc.2018.8619665,Addresses active perception for robotics or a neighboring robotics mechanism.,"Prior work usually predicts, ranks, filters, or imitates observed behavior rather than preserving unrealized branches.",The observed outcome is enough to supervise the model.,"Contact mode support, embodiment limits, and deployment perturbations.","Branch collapse, hidden-mode shift, and tail-risk planning failures.",Generic world models and generic uncertainty are crowded.,Interactive depth completion keeps action-critical alternatives explicit until a physical observation collapses them.
86,doi:10.7717/peerj.11760,Neural correlates of tactile hardness intensity perception during active grasping,2021,PeerJ,https://doi.org/10.7717/peerj.11760,Addresses active perception for robotics or a neighboring robotics mechanism.,"Prior work usually predicts, ranks, filters, or imitates observed behavior rather than preserving unrealized branches.",The observed outcome is enough to supervise the model.,"Contact mode support, embodiment limits, and deployment perturbations.","Branch collapse, hidden-mode shift, and tail-risk planning failures.",Generic world models and generic uncertainty are crowded.,Interactive depth completion keeps action-critical alternatives explicit until a physical observation collapses them.
87,doi:10.1016/j.mechmachtheory.2022.104966,Parameters uncertainty analysis of posture control of a four-wheel-legged robot with series slow active suspension system,2022,Mechanism and Machine Theory,https://doi.org/10.1016/j.mechmachtheory.2022.104966,Addresses active perception for robotics or a neighboring robotics mechanism.,"Prior work usually predicts, ranks, filters, or imitates observed behavior rather than preserving unrealized branches.",The observed outcome is enough to supervise the model.,"Contact mode support, embodiment limits, and deployment perturbations.","Branch collapse, hidden-mode shift, and tail-risk planning failures.",Generic world models and generic uncertainty are crowded.,Interactive depth completion keeps action-critical alternatives explicit until a physical observation collapses them.
88,arxiv:2112.05299v1,Zero-Shot Uncertainty-Aware Deployment of Simulation Trained Policies on Real-World Robots,2021,arXiv,http://arxiv.org/abs/2112.05299v1,Addresses active perception for robotics or a neighboring robotics mechanism.,"Prior work usually predicts, ranks, filters, or imitates observed behavior rather than preserving unrealized branches.",The observed outcome is enough to supervise the model.,"Contact mode support, embodiment limits, and deployment perturbations.","Branch collapse, hidden-mode shift, and tail-risk planning failures.",Generic world models and generic uncertainty are crowded.,Interactive depth completion keeps action-critical alternatives explicit until a physical observation collapses them.
89,doi:10.1364/ol.586431,Optical active perception with 3D Gaussian splatting enables autonomous instrument insertion in robotic vitreoretinal surgery,2026,Optics Letters,https://doi.org/10.1364/ol.586431,Addresses active perception for robotics or a neighboring robotics mechanism.,"Prior work usually predicts, ranks, filters, or imitates observed behavior rather than preserving unrealized branches.",The observed outcome is enough to supervise the model.,"Contact mode support, embodiment limits, and deployment perturbations.","Branch collapse, hidden-mode shift, and tail-risk planning failures.",Generic world models and generic uncertainty are crowded.,Interactive depth completion keeps action-critical alternatives explicit until a physical observation collapses them.
90,doi:10.52783/jisem.v11i2s.14375,Camera-Based Depth Perception for Precision Agriculture: A Software-Defined Approach to 3D Scene Understanding,2026,Journal of Information Systems Engineering and Management,https://doi.org/10.52783/jisem.v11i2s.14375,Addresses active perception for robotics or a neighboring robotics mechanism.,"Prior work usually predicts, ranks, filters, or imitates observed behavior rather than preserving unrealized branches.",The observed outcome is enough to supervise the model.,"Contact mode support, embodiment limits, and deployment perturbations.","Branch collapse, hidden-mode shift, and tail-risk planning failures.",Generic world models and generic uncertainty are crowded.,Interactive depth completion keeps action-critical alternatives explicit until a physical observation collapses them.
91,doi:10.3389/fnbot.2024.1341750,Resolving uncertainty on the fly: modeling adaptive driving behavior as active inference,2024,Frontiers in Neurorobotics,https://doi.org/10.3389/fnbot.2024.1341750,Addresses active perception for robotics or a neighboring robotics mechanism.,"Prior work usually predicts, ranks, filters, or imitates observed behavior rather than preserving unrealized branches.",The observed outcome is enough to supervise the model.,"Contact mode support, embodiment limits, and deployment perturbations.","Branch collapse, hidden-mode shift, and tail-risk planning failures.",Generic world models and generic uncertainty are crowded.,Interactive depth completion keeps action-critical alternatives explicit until a physical observation collapses them.
92,doi:10.3390/robotics15020047,Dual-Detector Vision and Depth-Aware Back-Projection for Accurate Apple Detection and 3D Localisation for Robotic Harvesting,2026,Robotics,https://doi.org/10.3390/robotics15020047,Addresses active perception for robotics or a neighboring robotics mechanism.,"Prior work usually predicts, ranks, filters, or imitates observed behavior rather than preserving unrealized branches.",The observed outcome is enough to supervise the model.,"Contact mode support, embodiment limits, and deployment perturbations.","Branch collapse, hidden-mode shift, and tail-risk planning failures.",Generic world models and generic uncertainty are crowded.,Interactive depth completion keeps action-critical alternatives explicit until a physical observation collapses them.
93,doi:10.3390/rs13214481,Drone-Based Autonomous Motion Planning System for Outdoor Environments under Object Detection Uncertainty,2021,Remote Sensing,https://doi.org/10.3390/rs13214481,Addresses active perception for robotics or a neighboring robotics mechanism.,"Prior work usually predicts, ranks, filters, or imitates observed behavior rather than preserving unrealized branches.",The observed outcome is enough to supervise the model.,"Contact mode support, embodiment limits, and deployment perturbations.","Branch collapse, hidden-mode shift, and tail-risk planning failures.",Generic world models and generic uncertainty are crowded.,Interactive depth completion keeps action-critical alternatives explicit until a physical observation collapses them.
94,doi:10.1007/s10514-024-10172-6,Planning under uncertainty for safe robot exploration using Gaussian process prediction,2024,Autonomous Robots,https://doi.org/10.1007/s10514-024-10172-6,Addresses active perception for robotics or a neighboring robotics mechanism.,"Prior work usually predicts, ranks, filters, or imitates observed behavior rather than preserving unrealized branches.",The observed outcome is enough to supervise the model.,"Contact mode support, embodiment limits, and deployment perturbations.","Branch collapse, hidden-mode shift, and tail-risk planning failures.",Generic world models and generic uncertainty are crowded.,Interactive depth completion keeps action-critical alternatives explicit until a physical observation collapses them.
95,doi:10.1016/j.jmsy.2014.04.004,Depth camera based collision avoidance via active robot control,2014,Journal of Manufacturing Systems,https://doi.org/10.1016/j.jmsy.2014.04.004,Addresses active perception for robotics or a neighboring robotics mechanism.,"Prior work usually predicts, ranks, filters, or imitates observed behavior rather than preserving unrealized branches.",The observed outcome is enough to supervise the model.,"Contact mode support, embodiment limits, and deployment perturbations.","Branch collapse, hidden-mode shift, and tail-risk planning failures.",Generic world models and generic uncertainty are crowded.,Interactive depth completion keeps action-critical alternatives explicit until a physical observation collapses them.
96,doi:10.1109/icra.2013.6631022,Perception-driven navigation: Active visual SLAM for robotic area coverage,2013,,https://doi.org/10.1109/icra.2013.6631022,Addresses active perception for robotics or a neighboring robotics mechanism.,"Prior work usually predicts, ranks, filters, or imitates observed behavior rather than preserving unrealized branches.",The observed outcome is enough to supervise the model.,"Contact mode support, embodiment limits, and deployment perturbations.","Branch collapse, hidden-mode shift, and tail-risk planning failures.",Generic world models and generic uncertainty are crowded.,Interactive depth completion keeps action-critical alternatives explicit until a physical observation collapses them.
97,arxiv:2209.15376v3,NBV-SC: Next Best View Planning based on Shape Completion for Fruit Mapping and Reconstruction,2022,arXiv,http://arxiv.org/abs/2209.15376v3,Addresses active perception for robotics or a neighboring robotics mechanism.,"Prior work usually predicts, ranks, filters, or imitates observed behavior rather than preserving unrealized branches.",The observed outcome is enough to supervise the model.,"Contact mode support, embodiment limits, and deployment perturbations.","Branch collapse, hidden-mode shift, and tail-risk planning failures.",Generic world models and generic uncertainty are crowded.,Interactive depth completion keeps action-critical alternatives explicit until a physical observation collapses them.
98,doi:10.1177/0278364913501564,FIRM: Sampling-based feedback motion-planning under motion uncertainty and imperfect measurements,2014,The International Journal of Robotics Research,https://doi.org/10.1177/0278364913501564,Addresses active perception for robotics or a neighboring robotics mechanism.,"Prior work usually predicts, ranks, filters, or imitates observed behavior rather than preserving unrealized branches.",The observed outcome is enough to supervise the model.,"Contact mode support, embodiment limits, and deployment perturbations.","Branch collapse, hidden-mode shift, and tail-risk planning failures.",Generic world models and generic uncertainty are crowded.,Interactive depth completion keeps action-critical alternatives explicit until a physical observation collapses them.
99,doi:10.3390/s24072374,Multi-Task Foreground-Aware Network with Depth Completion for Enhanced RGB-D Fusion Object Detection Based on Transformer,2024,Sensors,https://doi.org/10.3390/s24072374,Addresses active perception for robotics or a neighboring robotics mechanism.,"Prior work usually predicts, ranks, filters, or imitates observed behavior rather than preserving unrealized branches.",The observed outcome is enough to supervise the model.,"Contact mode support, embodiment limits, and deployment perturbations.","Branch collapse, hidden-mode shift, and tail-risk planning failures.",Generic world models and generic uncertainty are crowded.,Interactive depth completion keeps action-critical alternatives explicit until a physical observation collapses them.
100,arxiv:2504.01861v1,Corner-Grasp: Multi-Action Grasp Detection and Active Gripper Adaptation for Grasping in Cluttered Environments,2025,arXiv,http://arxiv.org/abs/2504.01861v1,Addresses active perception for robotics or a neighboring robotics mechanism.,"Prior work usually predicts, ranks, filters, or imitates observed behavior rather than preserving unrealized branches.",The observed outcome is enough to supervise the model.,"Contact mode support, embodiment limits, and deployment perturbations.","Branch collapse, hidden-mode shift, and tail-risk planning failures.",Generic world models and generic uncertainty are crowded.,Interactive depth completion keeps action-critical alternatives explicit until a physical observation collapses them.
